avg_pts_last3,avg_pts_last5,form_trend,avg_minutes_last3,avg_xgi_last3,avg_ict_last3,avg_bps_last3,is_home,value,avg_fixture_difficulty,player_id,predicted_pts,id,web_name,element_type,now_cost,team
3.3333333333333335,3.4,-0.06666666666666643,90.0,0.0,1.7333333333333334,13.333333333333334,0,60,3.0,1,3.0715285440736113,1,Raya,1,60,1
0.0,0.0,0.0,0.0,0.0,0.0,0.0,0,41,3.0,2,0.050399930478815594,2,Arrizabalaga,1,41,1
0.0,0.0,0.0,0.0,0.0,0.0,0.0,0,40,3.0,3,0.050399930478815594,3,Hein,1,40,1
0.0,0.0,0.0,0.0,0.0,0.0,0.0,0,39,3.0,4,0.050399930478815594,4,Setford,1,39,1
4.333333333333333,4.4,-0.06666666666666732,90.0,0.10000000000000002,4.133333333333333,21.0,0,71,3.0,5,5.0829074433676515,5,Gabriel,2,71,1
2.6666666666666665,3.0,-0.3333333333333335,60.0,0.01,1.6000000000000003,11.666666666666666,0,61,3.0,6,1.82495632626777,6,Saliba,2,61,1
2.6666666666666665,1.8,0.8666666666666665,25.333333333333332,0.02,0.5000000000000006,6.333333333333333,0,56,3.0,7,1.5722759810957179,7,Calafiori,2,56,1
3.0,3.0,0.0,90.0,0.05000000000000001,2.766666666666667,16.0,0,64,3.0,8,2.958903674710794,8,J.Timber,2,64,1
0.0,0.0,0.0,0.0,0.0,0.0,0.0,0,54,3.0,9,0.11291208445765315,9,Kiwior,2,54,1
0.0,0.0,0.0,0.0,0.0,0.0,0.0,0,51,3.0,10,0.0991702710320841,10,Lewis-Skelly,2,51,1
0.0,0.2,-0.2,0.0,0.0,0.0,0.0,0,51,3.0,11,0.21324700382712644,11,White,2,51,1
0.0,0.0,0.0,0.0,0.0,0.0,0.0,1,49,3.6666666666666665,12,0.10104621887357924,12,Zinchenko,2,49,16
0.0,0.0,0.0,0.0,0.0,0.0,0.0,0,38,3.0,13,0.050399930478815594,13,Clarke,2,38,1
0.0,0.0,0.0,0.0,0.0,0.0,0.0,0,39,3.0,14,0.050399930478815594,14,Kacurri,2,39,1
0.0,0.0,0.0,0.0,0.0,0.0,0.0,0,37,3.0,15,0.050399930478815594,15,Nichols,2,37,1
4.333333333333333,3.0,1.333333333333333,30.666666666666668,0.2266666666666666,3.966666666666667,13.0,0,98,3.0,16,2.354864237968135,16,Saka,3,98,1
0.3333333333333333,1.8,-1.4666666666666668,15.0,0.03666666666666667,0.4999999999999994,1.0,0,78,3.0,17,1.0067954171100684,17,Ødegaard,3,78,1
4.666666666666667,5.8,-1.1333333333333329,64.0,0.15,4.6000000000000005,13.333333333333334,0,68,3.0,18,2.0213944432970727,18,Madueke,3,68,1
2.3333333333333335,2.2,0.1333333333333333,43.0,0.37333333333333335,5.933333333333333,10.0,0,68,3.0,19,2.4503520174156703,19,Martinelli,3,68,1
3.0,2.8,0.20000000000000018,62.666666666666664,0.20666666666666667,5.266666666666665,12.666666666666666,0,68,3.0,20,1.4190966399437221,20,Trossard,3,68,1
6.333333333333333,4.6,1.7333333333333334,90.0,0.3033333333333334,6.366666666666667,23.333333333333332,0,76,3.0,21,3.1746557454246043,21,Rice,3,76,1
0.0,1.4,-1.4,0.0,0.0,0.0,0.0,0,54,3.0,22,0.34150120422977687,22,Merino,3,54,1
0.0,0.0,0.0,0.0,0.0,0.0,0.0,0,54,3.0,23,0.11291208445765315,23,Fábio Vieira,3,54,1
0.3333333333333333,0.2,0.1333333333333333,0.3333333333333333,0.0,0.03333333333333333,1.0,0,51,3.0,24,0.4796281104316947,24,Nørgaard,3,51,1
0.0,0.0,0.0,0.0,0.0,0.0,0.0,0,50,3.0,25,0.0991702710320841,25,Nwaneri,3,50,1
5.333333333333333,5.4,-0.06666666666666732,90.0,0.13,3.1666666666666665,23.0,0,53,3.0,26,3.3642719465921975,26,Zubimendi,3,53,1
0.0,0.0,0.0,0.0,0.0,0.0,0.0,1,48,2.6666666666666665,27,0.09731122540254629,27,Nelson,3,48,5
0.0,0.0,0.0,0.0,0.0,0.0,0.0,0,45,3.0,28,0.050399930478815594,28,Kabia,3,45,1
0.0,0.0,0.0,0.0,0.0,0.0,0.0,0,45,3.0,29,0.050399930478815594,29,Sambi,3,45,1
1.6666666666666667,1.4,0.26666666666666683,22.0,0.08333333333333333,2.033333333333333,8.333333333333334,0,73,3.0,30,1.0695295227495287,30,Havertz,4,73,1
0.3333333333333333,1.4,-1.0666666666666667,28.0,0.016666666666666666,0.9000000000000007,0.0,0,64,3.0,31,1.599805760055936,31,G.Jesus,4,64,1
5.333333333333333,5.6,-0.2666666666666666,90.0,0.0033333333333333335,2.566666666666667,20.333333333333332,1,50,2.3333333333333335,32,3.4309524965904243,32,Martinez,1,50,2
0.0,0.0,0.0,0.0,0.0,0.0,0.0,1,42,2.3333333333333335,33,0.05638082599927347,33,M.Bizot,1,42,2
0.0,0.0,0.0,0.0,0.0,0.0,0.0,1,40,2.3333333333333335,34,0.05638082599927347,34,Gauci,1,40,2
0.0,0.0,0.0,0.0,0.0,0.0,0.0,1,40,2.3333333333333335,35,0.05638082599927347,35,Marschall,1,40,2
1.3333333333333333,2.4,-1.0666666666666667,60.0,0.20000000000000004,4.333333333333333,7.0,1,49,2.3333333333333335,36,2.8498212193561505,36,Cash,2,49,2
1.3333333333333333,1.6,-0.26666666666666683,28.333333333333332,0.006666666666666667,0.8000000000000008,4.666666666666667,1,45,2.3333333333333335,37,1.1132849848091086,37,Digne,2,45,2
3.3333333333333335,3.6,-0.2666666666666666,90.0,0.20000000000000004,2.1999999999999997,16.666666666666668,1,44,2.3333333333333335,38,3.078671237720155,38,Konsa,2,44,2
3.6666666666666665,3.6,0.06666666666666643,64.33333333333333,0.21666666666666676,5.666666666666667,16.333333333333332,1,42,2.3333333333333335,39,2.8793535618576547,39,Maatsen,2,42,2
4.666666666666667,3.0,1.666666666666667,60.0,0.08,1.7666666666666666,15.0,1,43,2.3333333333333335,40,2.268730427097871,40,Mings,2,43,2
0.6666666666666666,2.0,-1.3333333333333335,30.0,0.07333333333333333,0.8333333333333334,5.0,1,43,2.3333333333333335,41,1.059116646674411,41,Pau,2,43,2
0.0,0.0,0.0,0.0,0.0,0.0,0.0,1,39,2.3333333333333335,42,0.05638082599927347,42,A.García,2,39,2
0.0,0.0,0.0,0.0,0.0,0.0,0.0,1,40,2.3333333333333335,43,0.05638082599927347,43,Alex Moreno,2,40,2
3.0,2.2,0.7999999999999998,46.333333333333336,0.006666666666666667,0.9333333333333332,11.0,1,40,2.3333333333333335,44,1.504229825626657,44,Bogarde,2,40,2
0.0,0.0,0.0,0.0,0.0,0.0,0.0,1,38,2.3333333333333335,45,0.05638082599927347,45,Sousa,2,38,2
0.0,0.0,0.0,0.0,0.0,0.0,0.0,1,40,2.3333333333333335,46,0.05638082599927347,46,Yasin,2,40,2
4.666666666666667,4.8,-0.13333333333333286,90.0,0.3233333333333334,9.233333333333334,19.0,1,77,2.3333333333333335,47,4.2225238621471455,47,Rogers,3,77,2
0.0,1.0,-1.0,0.0,0.0,0.0,0.0,1,59,2.3333333333333335,48,0.28876565602635756,48,Tielemans,3,59,2
1.0,0.8,0.19999999999999996,33.0,0.21333333333333335,3.766666666666667,3.6666666666666665,1,55,2.3333333333333335,49,2.7349642234870304,49,Bailey,3,55,2
1.3333333333333333,3.4,-2.0666666666666664,71.33333333333333,0.22,4.833333333333333,8.0,1,53,2.3333333333333335,50,2.537990134536931,50,Buendía,3,53,2
0.0,0.0,0.0,0.0,0.0,0.0,0.0,1,55,2.3333333333333335,51,0.19160169760970608,51,Iling Jr,3,55,2
3.0,2.0,1.0,55.666666666666664,0.14333333333333334,2.9333333333333336,12.666666666666666,0,53,3.6666666666666665,52,1.7136098932317616,52,J.Ramsey,3,53,15
0.0,0.0,0.0,0.0,0.0,0.0,0.0,1,51,2.3333333333333335,53,0.10515116655254195,53,Malen,3,51,2
0.0,0.2,-0.2,0.0,0.0,0.0,0.0,1,54,2.3333333333333335,54,0.22851259476058441,54,McGinn,3,54,2
0.6666666666666666,0.4,0.2666666666666666,14.333333333333334,0.02,0.8333333333333327,3.3333333333333335,1,48,2.3333333333333335,55,1.234161931855047,55,Barkley,3,48,2
0.0,0.0,0.0,0.0,0.0,0.0,0.0,1,50,2.3333333333333335,56,0.10515116655254195,56,Barrenechea,3,50,2
0.0,0.0,0.0,0.0,0.0,0.0,0.0,1,50,2.3333333333333335,57,0.10515116655254195,57,Dobbin,3,50,2
0.0,0.0,0.0,0.0,0.0,0.0,0.0,1,49,2.3333333333333335,58,0.10104621887357924,58,Kamara,3,49,2
2.3333333333333335,2.4,-0.06666666666666643,54.666666666666664,0.03333333333333333,1.7666666666666666,9.0,1,48,2.3333333333333335,59,2.080877402804782,59,Onana,3,48,2
0.0,0.0,0.0,0.0,0.0,0.0,0.0,1,44,2.3333333333333335,60,0.05638082599927347,60,Broggio,3,44,2
0.0,0.0,0.0,0.0,0.0,0.0,0.0,1,45,2.3333333333333335,61,0.05638082599927347,61,Dendoncker,3,45,2
0.0,0.0,0.0,0.0,0.0,0.0,0.0,1,45,2.3333333333333335,62,0.05638082599927347,62,Jimoh-Aloba,3,45,2
0.0,0.0,0.0,0.0,0.0,0.0,0.0,1,43,2.3333333333333335,63,0.05638082599927347,63,Young,3,43,2
1.3333333333333333,2.8,-1.4666666666666666,52.666666666666664,0.039999999999999925,0.7666666666666666,0.6666666666666666,1,86,2.3333333333333335,64,3.2360590316153064,64,Watkins,4,86,2
0.0,0.0,0.0,0.0,0.0,0.0,0.0,1,45,2.3333333333333335,65,0.05638082599927347,65,Redmond,4,45,2
0.0,0.0,0.0,0.0,0.0,0.0,0.0,0,45,2.3333333333333335,66,0.050399930478815594,66,Neto,1,45,4
5.333333333333333,3.8,1.5333333333333332,90.0,0.0,3.4333333333333336,21.666666666666668,0,45,2.3333333333333335,67,2.1304102325073546,67,Petrović,1,45,4
0.0,0.0,0.0,0.0,0.0,0.0,0.0,0,40,2.3333333333333335,68,0.050399930478815594,68,Dennis,1,40,4
0.0,0.0,0.0,0.0,0.0,0.0,0.0,0,39,2.3333333333333335,69,0.050399930478815594,69,McKenna,1,39,4
0.0,0.0,0.0,0.0,0.0,0.0,0.0,0,40,2.3333333333333335,70,0.050399930478815594,70,Paulsen,1,40,4
0.0,0.0,0.0,0.0,0.0,0.0,0.0,0,50,2.3333333333333335,71,0.0991702710320841,71,Zabarnyi,2,50,4
4.0,3.6,0.3999999999999999,90.0,0.19000000000000006,3.899999999999999,15.666666666666666,0,48,2.3333333333333335,72,2.6639291285171613,72,Senesi,2,48,4
2.6666666666666665,1.8,0.8666666666666665,31.666666666666668,0.0,0.6,11.666666666666666,0,44,2.3333333333333335,73,1.145222569633689,73,Smith,2,44,4
5.0,4.4,0.5999999999999996,90.0,0.17666666666666667,2.900000000000001,17.333333333333332,0,45,2.3333333333333335,74,4.024365181211701,74,Truffert,2,45,4
0.0,0.0,0.0,0.0,0.0,0.0,0.0,0,38,2.3333333333333335,75,0.050399930478815594,75,Akinmboni,2,38,4
0.0,0.0,0.0,0.0,0.0,0.0,0.0,0,38,2.3333333333333335,76,0.050399930478815594,76,Bevan,2,38,4
7.666666666666667,6.2,1.4666666666666668,90.0,0.09333333333333334,4.800000000000001,26.0,0,40,2.3333333333333335,77,3.141616962537276,77,Hill,2,40,4
0.0,0.0,0.0,0.0,0.0,0.0,0.0,0,38,2.3333333333333335,78,0.050399930478815594,78,J.Araujo,2,38,4
0.0,0.0,0.0,0.0,0.0,0.0,0.0,0,40,2.3333333333333335,79,0.050399930478815594,79,Mepham,2,40,4
0.0,0.0,0.0,0.0,0.0,0.0,0.0,0,40,2.3333333333333335,80,0.050399930478815594,80,Soler,2,40,4
0.0,0.0,0.0,0.0,0.0,0.0,0.0,0,70,2.3333333333333335,81,0.1282400799111366,81,Kluivert,3,70,4
7.666666666666667,6.6,1.0666666666666673,90.0,0.52,7.666666666666667,20.333333333333332,1,80,2.6666666666666665,82,4.1587049274888255,82,Semenyo,3,80,13
7.0,4.6,2.4000000000000004,79.66666666666667,0.24666666666666667,6.833333333333333,23.333333333333332,1,58,2.6666666666666665,83,2.2326319124360166,83,O.Dango,3,58,5
0.0,1.6,-1.6,0.0,0.0,0.0,0.0,0,53,2.3333333333333335,84,0.3878558442374565,84,Tavernier,3,53,4
0.0,0.0,0.0,0.0,0.0,0.0,0.0,0,49,2.3333333333333335,85,0.0950653233531214,85,Adams,3,49,4
0.3333333333333333,0.2,0.1333333333333333,4.333333333333333,0.0033333333333334073,0.13333333333333452,1.0,0,50,2.3333333333333335,86,0.807456738815512,86,Brooks,3,50,4
1.3333333333333333,1.2,0.1333333333333333,42.0,0.1366666666666667,2.8333333333333335,9.666666666666666,0,49,2.3333333333333335,87,1.6880223770017313,87,Christie,3,49,4
2.6666666666666665,3.2,-0.5333333333333337,63.333333333333336,0.07333333333333335,2.4,13.333333333333334,0,49,2.3333333333333335,88,2.5559580530464907,88,Cook,3,49,4
0.0,0.0,0.0,0.0,0.0,0.0,0.0,0,49,2.3333333333333335,89,0.0950653233531214,89,Philip,3,49,4
6.333333333333333,5.6,0.7333333333333334,90.0,0.3433333333333333,5.8,23.333333333333332,0,50,2.3333333333333335,90,2.4417456980788206,90,Scott,3,50,4
0.0,0.0,0.0,0.0,0.0,0.0,0.0,0,50,2.3333333333333335,91,0.0991702710320841,91,Sinisterra,3,50,4
0.0,0.0,0.0,0.0,0.0,0.0,0.0,0,45,2.3333333333333335,92,0.050399930478815594,92,Faivre,3,45,4
0.0,0.0,0.0,0.0,0.0,0.0,0.0,0,45,2.3333333333333335,93,0.050399930478815594,93,H.Traorè,3,45,4
0.0,0.0,0.0,0.0,0.0,0.0,0.0,0,45,2.3333333333333335,94,0.050399930478815594,94,Sadi,3,45,4
0.0,0.0,0.0,0.0,0.0,0.0,0.0,0,44,2.3333333333333335,95,0.050399930478815594,95,Silcott-Duberry,3,44,4
0.0,0.0,0.0,0.0,0.0,0.0,0.0,0,45,2.3333333333333335,96,0.050399930478815594,96,Winterburn,3,45,4
1.6666666666666667,3.0,-1.3333333333333333,76.66666666666667,0.2733333333333333,5.633333333333333,6.0,0,69,2.3333333333333335,97,1.9349650405029046,97,Evanilson,4,69,4
1.0,0.8,0.19999999999999996,12.666666666666666,0.03,0.36666666666666664,1.3333333333333333,0,54,2.3333333333333335,98,1.3167935390634735,98,Enes Ünal,4,54,4
0.0,0.0,0.0,0.0,0.0,0.0,0.0,0,44,2.3333333333333335,99,0.050399930478815594,99,Adu-Adjei,4,44,4
3.3333333333333335,2.6,0.7333333333333334,54.333333333333336,0.36333333333333334,4.366666666666666,15.0,0,47,2.3333333333333335,100,1.8234193982942373,100,Kroupi.Jr,4,47,4
4.333333333333333,3.0,1.333333333333333,90.0,0.0,2.033333333333333,15.333333333333334,1,46,2.6666666666666665,101,3.2368080510899886,101,Kelleher,1,46,5
0.0,0.0,0.0,0.0,0.0,0.0,0.0,1,39,2.6666666666666665,102,0.05638082599927347,102,Balcombe,1,39,5
0.0,0.0,0.0,0.0,0.0,0.0,0.0,1,39,2.6666666666666665,103,0.05638082599927347,103,Cox,1,39,5
0.0,0.0,0.0,0.0,0.0,0.0,0.0,1,39,2.6666666666666665,104,0.05638082599927347,104,Eyestone,1,39,5
0.0,0.0,0.0,0.0,0.0,0.0,0.0,1,39,2.6666666666666665,105,0.05638082599927347,105,Valdimarsson,1,39,5
0.3333333333333333,0.6,-0.26666666666666666,10.0,0.023333333333333334,0.4000000000000006,1.3333333333333333,1,50,2.6666666666666665,106,0.9660607521716474,106,Collins,2,50,5
3.3333333333333335,2.4,0.9333333333333336,55.0,0.2333333333333333,3.566666666666666,7.0,1,48,2.6666666666666665,107,1.79348443884867,107,Lewis-Potter,2,48,5
4.666666666666667,3.2,1.4666666666666668,90.0,0.03333333333333333,3.2999999999999994,12.666666666666666,1,44,2.6666666666666665,108,3.126610283297618,108,Ajer,2,44,5
3.0,2.4,0.6000000000000001,87.66666666666667,0.013333333333333324,1.0333333333333334,7.666666666666667,1,43,2.6666666666666665,109,2.862026443069803,109,Henry,2,43,5
2.6666666666666665,2.0,0.6666666666666665,90.0,0.07666666666666667,1.7666666666666666,10.333333333333334,1,45,2.6666666666666665,110,3.0105187234743553,110,Kayode,2,45,5
0.0,0.0,0.0,0.0,0.0,0.0,0.0,1,42,2.6666666666666665,111,0.05638082599927347,111,Pinnock,2,42,5
0.0,0.0,0.0,0.0,0.0,0.0,0.0,1,45,2.6666666666666665,112,0.05638082599927347,112,Roerslev,2,45,5
5.0,3.2,1.7999999999999998,90.0,0.10666666666666667,3.3333333333333335,17.333333333333332,1,45,2.6666666666666665,113,2.3805235317647724,113,Van den Berg,2,45,5
0.0,0.0,0.0,0.0,0.0,0.0,0.0,1,38,2.6666666666666665,114,0.05638082599927347,114,Arthur,2,38,5
0.0,0.0,0.0,0.0,0.0,0.0,0.0,1,40,2.6666666666666665,115,0.05638082599927347,115,Fredrick,2,40,5
0.6666666666666666,0.8,-0.13333333333333341,2.3333333333333335,0.0,0.5,3.0,1,40,2.6666666666666665,116,0.562072600670918,116,Hickey,2,40,5
0.0,0.0,0.0,0.0,0.0,0.0,0.0,1,39,2.6666666666666665,117,0.05638082599927347,117,Ji-soo,2,39,5
0.0,0.0,0.0,0.0,0.0,0.0,0.0,1,40,2.6666666666666665,118,0.05638082599927347,118,Meghoma,2,40,5
5.333333333333333,7.0,-1.666666666666667,88.66666666666667,0.38999999999999996,7.0,19.0,0,86,3.3333333333333335,119,2.798840883967917,119,Mbeumo,3,86,14
-0.6666666666666666,0.2,-0.8666666666666667,13.666666666666666,0.043333333333333335,0.39999999999999997,-3.0,1,69,2.6666666666666665,120,2.05570170853916,120,Schade,3,69,5
0.6666666666666666,1.4,-0.7333333333333333,6.666666666666667,0.013333333333333334,1.2,4.0,1,56,2.6666666666666665,121,1.1838292207194319,121,Damsgaard,3,56,5
0.0,0.0,0.0,0.0,0.0,0.0,0.0,1,52,2.6666666666666665,122,0.10515116655254195,122,Milambo,3,52,5
0.0,0.0,0.0,0.0,0.0,0.0,0.0,1,47,2.6666666666666665,123,0.09085236033184756,123,Carvalho,3,47,5
1.0,0.8,0.19999999999999996,43.666666666666664,0.006666666666666667,0.8333333333333339,6.0,1,50,2.6666666666666665,124,2.185327843385688,124,Henderson,3,50,5
4.666666666666667,3.4,1.266666666666667,90.0,0.08999999999999998,4.7,22.666666666666668,1,49,2.6666666666666665,125,3.4046343845542597,125,Janelt,3,49,5
4.0,3.2,0.7999999999999998,83.66666666666667,0.36000000000000004,4.3999999999999995,18.0,1,49,2.6666666666666665,126,2.971042869911319,126,Jensen,3,49,5
0.0,0.0,0.0,0.0,0.0,0.0,0.0,1,49,2.6666666666666665,127,0.10104621887357924,127,Nunes,3,49,5
0.0,0.0,0.0,0.0,0.0,0.0,0.0,1,48,2.6666666666666665,128,0.09731122540254629,128,Onyeka,3,48,5
1.3333333333333333,1.8,-0.4666666666666668,45.333333333333336,0.0,0.6,3.6666666666666665,1,50,2.6666666666666665,129,1.9487393413610865,129,Yarmoliuk,3,50,5
0.3333333333333333,0.4,-0.06666666666666671,3.3333333333333335,0.006666666666666667,0.3666666666666667,2.0,1,44,2.6666666666666665,130,0.7581893371425154,130,Donovan,3,44,5
0.0,0.0,0.0,0.0,0.0,0.0,0.0,1,43,2.6666666666666665,131,0.05638082599927347,131,Konak,3,43,5
0.0,0.0,0.0,0.0,0.0,0.0,0.0,1,45,2.6666666666666665,132,0.05638082599927347,132,Maghoma,3,45,5
0.0,0.0,0.0,0.0,0.0,0.0,0.0,1,44,2.6666666666666665,133,0.05638082599927347,133,Peart-Harris,3,44,5
0.0,0.0,0.0,0.0,0.0,0.0,0.0,1,45,2.6666666666666665,134,0.05638082599927347,134,Trevitt,3,45,5
1.0,1.2,-0.19999999999999996,27.0,0.15,0.6666666666666666,1.6666666666666667,0,73,3.6666666666666665,135,1.8860849788422651,135,Wissa,4,73,15
3.0,2.6,0.3999999999999999,90.0,0.6066666666666668,5.166666666666667,6.666666666666667,1,70,2.6666666666666665,136,3.580631445488608,136,Thiago,4,70,5
0.0,0.0,0.0,0.0,0.0,0.0,0.0,1,44,2.6666666666666665,137,0.05638082599927347,137,Morgan,4,44,5
0.0,0.0,0.0,0.0,0.0,0.0,0.0,0,42,3.3333333333333335,138,0.050399930478815594,138,Steele,1,42,6
2.6666666666666665,2.2,0.46666666666666634,90.0,0.01,2.566666666666666,13.333333333333334,0,45,3.3333333333333335,139,2.226406980657106,139,Verbruggen,1,45,6
0.0,0.0,0.0,0.0,0.0,0.0,0.0,0,39,3.3333333333333335,140,0.050399930478815594,140,McGill,1,39,6
0.0,0.0,0.0,0.0,0.0,0.0,0.0,0,40,3.3333333333333335,141,0.050399930478815594,141,Rushworth,1,40,6
0.0,0.0,0.0,0.0,0.0,0.0,0.0,0,40,3.3333333333333335,142,0.050399930478815594,142,Scherpen,1,40,6
1.6666666666666667,2.2,-0.5333333333333334,39.666666666666664,0.016666666666666666,1.1666666666666667,5.666666666666667,0,42,3.3333333333333335,143,1.1348605448287272,143,Boscagli,2,42,6
0.0,0.0,0.0,0.0,0.0,0.0,0.0,0,42,3.3333333333333335,144,0.050399930478815594,144,Coppola,2,42,6
2.6666666666666665,1.8,0.8666666666666665,46.333333333333336,0.1266666666666667,1.3999999999999997,10.333333333333334,0,43,3.3333333333333335,145,1.1509115298324117,145,De Cuyper,2,43,6
3.3333333333333335,3.0,0.3333333333333335,90.0,0.11000000000000003,2.733333333333333,11.333333333333334,0,45,3.3333333333333335,146,2.3602444774381763,146,Dunk,2,45,6
0.0,0.0,0.0,0.0,0.0,0.0,0.0,0,45,3.3333333333333335,147,0.050399930478815594,147,Estupiñan,2,45,6
2.0,1.8,0.19999999999999996,90.0,0.05333333333333334,3.1333333333333333,12.0,0,44,3.3333333333333335,148,2.345725016150383,148,F.Kadıoğlu,2,44,6
0.0,0.0,0.0,0.0,0.0,0.0,0.0,0,45,3.3333333333333335,149,0.050399930478815594,149,Igor,2,45,6
0.0,0.0,0.0,0.0,0.0,0.0,0.0,0,44,3.3333333333333335,150,0.050399930478815594,150,Lamptey,2,44,6
2.3333333333333335,2.8,-0.46666666666666634,50.0,0.07,1.0,10.0,0,44,3.3333333333333335,151,1.430769883700028,151,Van Hecke,2,44,6
0.6666666666666666,0.8,-0.13333333333333341,36.666666666666664,0.0033333333333333335,0.8666666666666666,1.3333333333333333,0,43,3.3333333333333335,152,1.2190900342327124,152,Veltman,2,43,6
0.0,0.0,0.0,0.0,0.0,0.0,0.0,0,44,3.3333333333333335,153,0.050399930478815594,153,Webster,2,44,6
0.0,0.0,0.0,0.0,0.0,0.0,0.0,0,40,3.3333333333333335,154,0.050399930478815594,154,Cashin,2,40,6
0.0,0.0,0.0,0.0,0.0,0.0,0.0,0,40,3.3333333333333335,155,0.050399930478815594,155,Slater,2,40,6
0.0,0.0,0.0,0.0,0.0,0.0,0.0,0,38,3.3333333333333335,156,0.050399930478815594,156,Tasker,2,38,6
2.3333333333333335,2.2,0.1333333333333333,86.66666666666667,0.33666666666666667,3.9333333333333336,7.333333333333333,0,61,3.3333333333333335,157,2.439482520107253,157,Mitoma,3,61,6
1.0,1.0,0.0,46.666666666666664,0.05666666666666667,1.1999999999999995,0.6666666666666666,0,56,3.3333333333333335,158,2.767480130974399,158,Georginio,3,56,6
0.0,0.0,0.0,0.0,0.0,0.0,0.0,0,58,3.3333333333333335,159,0.14006432593042553,159,March,3,58,6
1.0,1.0,0.0,19.333333333333332,0.016666666666666666,0.7333333333333335,3.6666666666666665,0,56,3.3333333333333335,160,1.4347171902036553,160,Minteh,3,56,6
0.0,0.0,0.0,0.0,0.0,0.0,0.0,0,54,3.3333333333333335,161,0.11291208445765315,161,Enciso,3,54,6
0.0,0.4,-0.4,0.0,0.0,0.0,0.0,0,54,3.3333333333333335,162,0.23658012622195987,162,Gruda,3,54,6
0.3333333333333333,0.6,-0.26666666666666666,32.666666666666664,0.09333333333333334,1.0,2.3333333333333335,0,51,3.3333333333333335,163,1.7237083042756827,163,Hinshelwood,3,51,6
0.3333333333333333,0.2,0.1333333333333333,2.6666666666666665,0.0033333333333333335,0.06666666666666667,1.3333333333333333,0,55,3.3333333333333335,164,0.6676574118646414,164,O'Riley,3,55,6
0.0,0.0,0.0,0.0,0.0,0.0,0.0,0,54,3.3333333333333335,165,0.11291208445765315,165,Sima,3,54,6
2.0,3.4,-1.4,30.0,0.03999999999999996,1.2999999999999996,8.666666666666666,0,48,3.3333333333333335,166,1.615050985675978,166,Ayari,3,48,6
2.0,2.2,-0.20000000000000018,60.333333333333336,0.01,1.0,7.0,0,45,3.3333333333333335,167,1.0353849759609957,167,Baleba,3,45,6
0.3333333333333333,0.2,0.1333333333333333,6.333333333333333,0.0,0.16666666666666666,0.3333333333333333,0,46,3.3333333333333335,168,0.6713214781565208,168,Buonanotte,3,46,11
1.0,1.4,-0.3999999999999999,33.0,0.009999999999999962,0.5666666666666667,3.3333333333333335,0,49,3.3333333333333335,169,1.6603789020890207,169,Gomez,3,49,6
1.0,0.8,0.19999999999999996,23.0,0.043333333333333335,1.6333333333333337,3.3333333333333335,0,49,3.3333333333333335,170,1.3266255764588402,170,Milner,3,49,6
0.0,0.0,0.0,0.0,0.0,0.0,0.0,0,49,3.3333333333333335,171,0.0950653233531214,171,Sarmiento,3,49,6
0.0,0.0,0.0,0.0,0.0,0.0,0.0,0,48,3.3333333333333335,172,0.09133032988208845,172,Watson,3,48,6
0.0,0.0,0.0,0.0,0.0,0.0,0.0,0,49,3.3333333333333335,173,0.0950653233531214,173,Wieffer,3,49,6
0.0,0.0,0.0,0.0,0.0,0.0,0.0,0,50,3.3333333333333335,174,0.0991702710320841,174,Yalcouye,3,50,6
0.0,0.0,0.0,0.0,0.0,0.0,0.0,0,44,3.3333333333333335,175,0.050399930478815594,175,Knight,3,44,6
0.0,0.0,0.0,0.0,0.0,0.0,0.0,0,45,3.3333333333333335,176,0.050399930478815594,176,Mazilu,3,45,6
0.0,0.0,0.0,0.0,0.0,0.0,0.0,0,45,3.3333333333333335,177,0.050399930478815594,177,Moran,3,45,6
1.6666666666666667,1.6,0.06666666666666665,56.0,0.21666666666666665,3.5,6.666666666666667,0,61,3.3333333333333335,178,2.0043172912060716,178,Welbeck,4,61,6
0.0,0.0,0.0,0.0,0.0,0.0,0.0,0,55,3.3333333333333335,179,0.1526244887056289,179,Ferguson,4,55,6
0.0,0.0,0.0,0.0,0.0,0.0,0.0,0,52,3.3333333333333335,180,0.0991702710320841,180,Tzimas,4,52,6
1.3333333333333333,2.4,-1.0666666666666667,36.666666666666664,0.11666666666666668,1.833333333333333,2.6666666666666665,0,48,3.3333333333333335,181,1.747723692337294,181,Kostoulas,4,48,6
0.0,0.0,0.0,0.0,0.0,0.0,0.0,1,45,2.6666666666666665,182,0.05638082599927347,182,Trafford,1,45,13
0.0,0.0,0.0,0.0,0.0,0.0,0.0,0,43,3.3333333333333335,183,0.050399930478815594,183,Weiss,1,43,3
0.0,0.0,0.0,0.0,0.0,0.0,0.0,0,40,3.3333333333333335,184,0.050399930478815594,184,Green,1,40,3
0.0,0.0,0.0,0.0,0.0,0.0,0.0,0,39,3.3333333333333335,185,0.050399930478815594,185,Hladký,1,39,3
0.0,0.0,0.0,0.0,0.0,0.0,0.0,0,44,3.3333333333333335,186,0.050399930478815594,186,Roberts,2,44,3
0.6666666666666666,1.6,-0.9333333333333335,90.0,0.023333333333333334,1.7,2.6666666666666665,0,44,3.3333333333333335,187,1.3751218336482622,187,Walker,2,44,3
0.0,0.0,0.0,0.0,0.0,0.0,0.0,0,38,3.3333333333333335,188,0.050399930478815594,188,Delcroix,2,38,3
0.0,0.0,0.0,0.0,0.0,0.0,0.0,0,40,3.3333333333333335,189,0.050399930478815594,189,Dodgson,2,40,3
0.0,0.2,-0.2,0.0,0.0,0.0,0.0,0,39,3.3333333333333335,190,0.16447666327385796,190,Ekdal,2,39,3
2.3333333333333335,2.4,-0.06666666666666643,90.0,0.02666666666666667,3.5333333333333328,7.333333333333333,0,39,3.3333333333333335,191,2.2411717674042824,191,Estève,2,39,3
0.0,0.0,0.0,0.0,0.0,0.0,0.0,0,40,3.3333333333333335,192,0.050399930478815594,192,Hartman,2,40,3
2.3333333333333335,2.4,-0.06666666666666643,90.0,0.14333333333333334,4.3999999999999995,10.0,0,39,3.3333333333333335,193,3.037365984676587,193,Humphreys,2,39,3
0.0,0.0,0.0,0.0,0.0,0.0,0.0,0,39,3.3333333333333335,194,0.050399930478815594,194,Jordan,2,39,3
0.6666666666666666,1.4,-0.7333333333333333,60.0,0.08,3.5666666666666664,5.333333333333333,0,38,3.3333333333333335,195,1.190268330189056,195,Lucas Pires,2,38,3
0.0,0.0,0.0,0.0,0.0,0.0,0.0,0,40,3.3333333333333335,196,0.050399930478815594,196,Sambo,2,40,3
0.0,0.0,0.0,0.0,0.0,0.0,0.0,0,38,3.3333333333333335,197,0.050399930478815594,197,Sonne,2,38,3
-0.6666666666666666,1.8,-2.466666666666667,15.0,0.0,0.16666666666666666,-1.0,0,39,3.3333333333333335,198,0.7216454644756761,198,Tuanzebe,2,39,3
1.0,0.6,0.4,30.0,0.0,0.9,1.0,0,38,3.3333333333333335,199,1.365787976977904,199,Worrall,2,38,3
3.6666666666666665,3.0,0.6666666666666665,78.0,0.13333333333333333,5.833333333333333,16.0,0,50,3.3333333333333335,200,2.6367867428414793,200,Anthony,3,50,3
0.0,0.0,0.0,0.0,0.0,0.0,0.0,0,54,3.3333333333333335,201,0.11291208445765315,201,Benson,3,54,3
1.0,0.6,0.4,17.0,0.02666666666666667,0.43333333333333335,2.6666666666666665,0,53,3.3333333333333335,202,1.1834560079127328,202,Bruun Larsen,3,53,3
0.0,0.0,0.0,0.0,0.0,0.0,0.0,0,47,3.3333333333333335,203,0.08487146481138971,203,Boateng,3,47,3
0.0,0.0,0.0,0.0,0.0,0.0,0.0,0,49,3.3333333333333335,204,0.0950653233531214,204,Churlinov,3,49,3
0.0,0.0,0.0,0.0,0.0,0.0,0.0,0,49,3.3333333333333335,205,0.0950653233531214,205,Cullen,3,49,3
3.0,4.0,-1.0,68.66666666666667,0.18999999999999997,3.3666666666666667,9.333333333333334,0,47,3.3333333333333335,206,2.780092842877961,206,Edwards,3,47,3
4.0,2.8,1.2000000000000002,57.333333333333336,0.12666666666666668,4.2,18.0,0,47,3.3333333333333335,207,1.7217098368415942,207,Hannibal,3,47,3
0.0,0.0,0.0,0.0,0.0,0.0,0.0,0,50,3.3333333333333335,208,0.0991702710320841,208,Koleosho,3,50,3
1.0,0.8,0.19999999999999996,60.0,0.05333333333333334,1.7333333333333334,6.333333333333333,0,48,3.3333333333333335,209,2.240458130645361,209,Laurent,3,48,3
0.6666666666666666,0.6,0.06666666666666665,14.666666666666666,0.02333333333333333,0.16666666666666666,1.3333333333333333,0,49,3.3333333333333335,210,1.0764827376517019,210,Tchaouna,3,49,3
0.0,0.0,0.0,0.0,0.0,0.0,0.0,0,44,3.3333333333333335,211,0.050399930478815594,211,A.Ramsey,3,44,3
0.0,0.0,0.0,0.0,0.0,0.0,0.0,0,45,3.3333333333333335,212,0.050399930478815594,212,Adewumi,3,45,3
0.0,0.0,0.0,0.0,0.0,0.0,0.0,0,45,3.3333333333333335,213,0.050399930478815594,213,Banel,3,45,3
0.0,0.0,0.0,0.0,0.0,0.0,0.0,0,44,3.3333333333333335,214,0.050399930478815594,214,Trésor,3,44,3
1.6666666666666667,1.0,0.6666666666666667,55.0,0.27666666666666667,2.933333333333333,2.3333333333333335,0,53,3.3333333333333335,215,2.068038165193616,215,Flemming,4,53,3
0.0,0.0,0.0,0.0,0.0,0.0,0.0,0,48,3.3333333333333335,216,0.09133032988208845,216,Amdouni,4,48,3
1.3333333333333333,2.0,-0.6666666666666667,34.0,0.0033333333333333335,0.19999999999999998,3.6666666666666665,0,49,3.3333333333333335,217,1.595001151288844,217,Foster,4,49,3
0.0,-0.2,0.2,0.0,0.0,0.0,0.0,0,42,3.3333333333333335,218,0.04686625427522205,218,Barnes,4,42,3
0.0,0.0,0.0,0.0,0.0,0.0,0.0,0,44,3.3333333333333335,219,0.050399930478815594,219,Obafemi,4,44,3
1.6666666666666667,3.8,-2.133333333333333,90.0,0.006666666666666667,2.0,12.333333333333334,1,49,3.3333333333333335,220,2.696988203854859,220,Sánchez,1,49,7
0.0,0.0,0.0,0.0,0.0,0.0,0.0,1,43,3.3333333333333335,221,0.05638082599927347,221,Jörgensen,1,43,7
0.0,0.0,0.0,0.0,0.0,0.0,0.0,1,40,3.3333333333333335,222,0.05638082599927347,222,Penders,1,40,7
0.0,0.0,0.0,0.0,0.0,0.0,0.0,1,39,3.3333333333333335,223,0.05638082599927347,223,Slonina,1,39,7
4.0,4.2,-0.20000000000000018,60.0,0.45999999999999996,7.033333333333332,18.333333333333332,1,61,3.3333333333333335,224,3.2981202651553847,224,Cucurella,2,61,7
0.3333333333333333,2.8,-2.4666666666666663,3.0,0.0033333333333333427,0.3333333333333339,1.3333333333333333,1,56,3.3333333333333335,225,0.7099168299815172,225,James,2,56,7
3.3333333333333335,4.4,-1.0666666666666669,90.0,0.020000000000000007,2.9666666666666672,10.0,1,58,3.3333333333333335,226,3.3628998898697824,226,Chalobah,2,58,7
0.0,0.0,0.0,0.0,0.0,0.0,0.0,1,47,3.3333333333333335,227,0.09085236033184756,227,Colwill,2,47,7
1.0,0.8,0.19999999999999996,81.33333333333333,0.19666666666666674,4.466666666666667,5.333333333333333,1,49,3.3333333333333335,228,2.3916238331704496,228,Gusto,2,49,7
0.0,0.8,-0.8,15.0,0.0033333333333333335,0.7666666666666666,2.0,1,44,3.3333333333333335,229,0.7194490210423914,229,B.Badiashile,2,44,7
2.3333333333333335,1.6,0.7333333333333334,48.666666666666664,0.15,2.6333333333333333,13.666666666666666,1,44,3.3333333333333335,230,1.5829656362465658,230,Fofana,2,44,7
0.0,0.0,0.0,0.0,0.0,0.0,0.0,1,45,3.3333333333333335,231,0.05638082599927347,231,M.Sarr,2,45,7
0.0,0.6,-0.6,0.0,0.0,0.0,0.0,1,40,3.3333333333333335,232,0.1843175709878326,232,Tosin,2,40,7
0.3333333333333333,0.4,-0.06666666666666671,31.0,0.006666666666666667,0.5333333333333333,1.6666666666666667,1,37,3.3333333333333335,233,1.144312637229295,233,Acheampong,2,37,7
0.0,0.0,0.0,0.0,0.0,0.0,0.0,1,40,3.3333333333333335,234,0.05638082599927347,234,Anselmino,2,40,7
11.333333333333334,8.6,2.7333333333333343,80.0,1.57,12.0,37.0,1,106,3.3333333333333335,235,8.431136326608424,235,Palmer,3,106,7
1.6666666666666667,2.2,-0.5333333333333334,60.0,0.43666666666666654,4.066666666666667,10.0,1,70,3.3333333333333335,236,4.4568250791911135,236,Neto,3,70,7
4.0,5.2,-1.2000000000000002,90.0,0.7433333333333333,9.866666666666669,22.666666666666668,1,69,3.3333333333333335,237,3.7943531489968616,237,Enzo,3,69,7
1.0,3.2,-2.2,21.0,0.02666666666666663,1.0,2.0,1,64,3.3333333333333335,238,1.6383660744668491,238,Estêvão,3,64,7
0.3333333333333333,0.4,-0.06666666666666671,8.333333333333334,0.0,0.0,1.3333333333333333,1,60,3.3333333333333335,239,0.7539983966330672,239,Gittens,3,60,7
0.0,0.0,0.0,0.0,0.0,0.0,0.0,1,59,3.3333333333333335,240,0.18612890704263993,240,Nkunku,3,59,7
3.0,3.2,-0.20000000000000018,90.0,0.30000000000000004,4.333333333333333,19.0,1,57,3.3333333333333335,241,2.892009000987866,241,Caicedo,3,57,7
5.666666666666667,3.6,2.066666666666667,86.0,0.4133333333333333,5.466666666666666,21.666666666666668,1,49,2.6666666666666665,242,2.700368579611312,242,Dewsbury-Hall,3,49,9
1.0,0.6,0.4,27.333333333333332,0.04,0.3666666666666667,0.6666666666666666,1,48,2.6666666666666665,243,2.001029592457485,243,George,3,48,9
0.0,0.0,0.0,0.0,0.0,0.0,0.0,1,49,3.3333333333333335,244,0.10104621887357924,244,Lavia,3,49,7
0.0,0.0,0.0,0.0,0.0,0.0,0.0,1,49,3.3333333333333335,245,0.10104621887357924,245,Mudryk,3,49,7
1.3333333333333333,1.6,-0.26666666666666683,53.666666666666664,0.06333333333333337,1.6333333333333335,13.333333333333334,1,45,3.3333333333333335,246,1.882096275301044,246,Andrey Santos,3,45,7
0.0,0.0,0.0,0.0,0.0,0.0,0.0,1,43,3.3333333333333335,247,0.05638082599927347,247,D.Essugo,3,43,7
0.0,0.0,0.0,0.0,0.0,0.0,0.0,1,45,3.3333333333333335,248,0.05638082599927347,248,Paez,3,45,7
9.333333333333334,9.6,-0.2666666666666657,69.66666666666667,0.62,8.033333333333331,31.666666666666668,1,77,3.3333333333333335,249,3.9318521175596164,249,João Pedro,4,77,7
2.3333333333333335,2.4,-0.06666666666666643,38.666666666666664,0.38000000000000006,2.3,5.666666666666667,1,62,3.3333333333333335,250,2.0461857569664517,250,Delap,4,62,7
0.0,0.0,0.0,0.0,0.0,0.0,0.0,1,65,3.3333333333333335,251,0.17760486233332953,251,N.Jackson,4,65,7
0.0,0.0,0.0,0.0,0.0,0.0,0.0,1,42,3.3333333333333335,252,0.05638082599927347,252,Marc Guiu,4,42,7
3.6666666666666665,2.8,0.8666666666666667,90.0,0.006666666666666667,1.0333333333333334,11.0,1,50,3.0,253,3.337384074656275,253,Henderson,1,50,8
0.0,0.0,0.0,0.0,0.0,0.0,0.0,1,40,3.0,254,0.05638082599927347,254,Benitez,1,40,8
0.0,0.0,0.0,0.0,0.0,0.0,0.0,1,39,3.0,255,0.05638082599927347,255,Matthews,1,39,8
2.6666666666666665,1.8,0.8666666666666665,83.66666666666667,0.47333333333333333,7.766666666666667,15.666666666666666,1,59,3.0,256,2.777378524700596,256,Muñoz,2,59,8
5.333333333333333,3.6,1.733333333333333,90.0,0.21333333333333335,4.599999999999999,13.0,1,51,3.0,257,2.9614298989862164,257,Lacroix,2,51,8
3.0,2.0,1.0,90.0,0.08666666666666667,3.0,10.666666666666666,1,50,3.0,258,3.1324614525183625,258,Mitchell,2,50,8
0.0,0.2,-0.2,0.0,0.0,0.0,0.0,1,48,3.0,259,0.20693084018501975,259,Sosa,2,48,8
4.333333333333333,3.8,0.5333333333333332,90.0,0.25999999999999995,5.3999999999999995,17.333333333333332,1,52,2.6666666666666665,260,3.9440172788212124,260,Guéhi,2,52,13
3.0,3.6,-0.6000000000000001,90.0,0.07666666666666667,3.733333333333333,10.666666666666666,1,44,3.0,261,2.0180259613863707,261,Richards,2,44,8
0.6666666666666666,1.2,-0.5333333333333333,35.0,0.01,0.8000000000000002,4.666666666666667,1,40,3.0,262,1.2020795890917961,262,Chadi Riad,2,40,8
0.0,0.0,0.0,0.0,0.0,0.0,0.0,1,38,3.0,263,0.05638082599927347,263,Clyne,2,38,8
0.0,0.0,0.0,0.0,0.0,0.0,0.0,1,40,3.0,264,0.05638082599927347,264,Holding,2,40,8
0.0,0.0,0.0,0.0,0.0,0.0,0.0,1,40,3.0,265,0.05638082599927347,265,Kporha,2,40,8
1.0,0.8,0.19999999999999996,31.0,0.09999999999999999,0.7666666666666666,3.6666666666666665,0,72,3.0,266,1.9535149725713266,266,Eze,3,72,1
5.666666666666667,3.8,1.8666666666666671,89.0,0.63,5.1,17.333333333333332,1,64,3.0,267,3.0137505733189474,267,Sarr,3,64,8
0.0,0.0,0.0,0.0,0.0,0.0,0.0,1,49,3.0,268,0.10104621887357924,268,Doucouré,3,49,8
0.0,0.0,0.0,0.0,0.0,0.0,0.0,1,47,3.0,269,0.09085236033184756,269,Esse,3,47,8
1.6666666666666667,2.2,-0.5333333333333334,61.333333333333336,0.3,3.766666666666667,8.0,1,47,3.0,270,2.81977915577785,270,Hughes,3,47,8
1.0,0.6,0.4,28.0,0.29333333333333333,2.166666666666667,6.333333333333333,1,50,3.0,271,1.9459730986470576,271,Kamada,3,50,8
5.0,3.6,1.4,75.0,0.11666666666666665,4.266666666666667,20.0,1,49,3.0,272,2.856749388878433,272,Lerma,3,49,8
3.3333333333333335,2.0,1.3333333333333335,57.333333333333336,0.1366666666666667,2.5666666666666664,10.666666666666666,1,50,3.0,273,1.6769382357144484,273,Wharton,3,50,8
0.0,0.0,0.0,0.0,0.0,0.0,0.0,1,43,3.0,274,0.05638082599927347,274,Agbinone,3,43,8
0.0,0.0,0.0,0.0,0.0,0.0,0.0,1,43,3.0,275,0.05638082599927347,275,Ahamada,3,43,8
0.0,0.4,-0.4,0.0,0.0,0.0,0.0,1,43,3.0,276,0.1755917497510112,276,Devenny,3,43,8
0.0,0.0,0.0,0.0,0.0,0.0,0.0,1,45,3.0,277,0.05638082599927347,277,Ebiowei,3,45,8
0.0,0.0,0.0,0.0,0.0,0.0,0.0,1,44,3.0,278,0.05638082599927347,278,J.Rak-Sakyi,3,44,8
0.0,0.0,0.0,0.0,0.0,0.0,0.0,1,45,3.0,279,0.05638082599927347,279,M.França,3,45,8
0.0,0.0,0.0,0.0,0.0,0.0,0.0,1,45,3.0,280,0.05638082599927347,280,Ozoh,3,45,8
0.0,0.0,0.0,0.0,0.0,0.0,0.0,1,44,3.0,281,0.05638082599927347,281,Rodney,3,44,8
0.0,0.0,0.0,0.0,0.0,0.0,0.0,1,45,3.0,282,0.05638082599927347,282,Umeh,3,45,8
0.0,0.8,-0.8,0.0,0.0,0.0,0.0,1,75,3.0,283,0.3323429725486424,283,Mateta,4,75,8
0.0,0.0,0.0,0.0,0.0,0.0,0.0,1,54,3.0,284,0.11889297997811099,284,Nketiah,4,54,8
0.0,0.0,0.0,0.0,0.0,0.0,0.0,1,50,3.0,285,0.10515116655254195,285,Édouard,4,50,8
0.0,0.0,0.0,0.0,0.0,0.0,0.0,1,44,3.0,286,0.05638082599927347,286,Marsh,4,44,8
1.6666666666666667,3.6,-1.9333333333333333,90.0,0.0033333333333333335,2.133333333333333,9.333333333333334,1,56,2.6666666666666665,287,3.8408588113191406,287,Pickford,1,56,9
0.0,0.0,0.0,0.0,0.0,0.0,0.0,1,43,2.6666666666666665,288,0.05638082599927347,288,Travers,1,43,9
0.0,0.0,0.0,0.0,0.0,0.0,0.0,1,39,2.6666666666666665,289,0.05638082599927347,289,Tyrer,1,39,9
2.0,1.4,0.6000000000000001,61.0,0.06666666666666667,1.6666666666666667,7.333333333333333,1,53,2.6666666666666665,290,2.21063209298859,290,Branthwaite,2,53,9
1.6666666666666667,3.4,-1.7333333333333332,90.0,0.26666666666666666,3.4666666666666663,6.333333333333333,1,57,2.6666666666666665,291,2.535829009118852,291,Tarkowski,2,57,9
1.0,2.2,-1.2000000000000002,58.0,0.26333333333333336,3.3333333333333335,6.666666666666667,1,49,2.6666666666666665,292,1.454181661035186,292,Mykolenko,2,49,9
2.0,3.8,-1.7999999999999998,82.66666666666667,0.12,4.0,6.333333333333333,1,49,2.6666666666666665,293,2.311694776335144,293,O'Brien,2,49,9
0.0,0.0,0.0,0.0,0.0,0.0,0.0,1,42,2.6666666666666665,294,0.05638082599927347,294,Coleman,2,42,9
2.3333333333333335,1.4,0.9333333333333336,60.333333333333336,0.06333333333333334,2.6666666666666665,11.0,1,47,2.6666666666666665,295,3.0587502606398,295,Keane,2,47,9
0.3333333333333333,2.2,-1.866666666666667,0.3333333333333333,0.0,0.06666666666666667,1.0,1,44,2.6666666666666665,296,0.37237187073738076,296,Patterson,2,44,9
0.0,0.0,0.0,0.0,0.0,0.0,0.0,1,38,2.6666666666666665,297,0.05638082599927347,297,Dixon,2,38,9
0.0,0.0,0.0,0.0,0.0,0.0,0.0,1,38,2.6666666666666665,298,0.05638082599927347,298,Welch,2,38,9
4.333333333333333,3.0,1.333333333333333,90.0,0.5466666666666667,6.433333333333333,18.333333333333332,1,62,2.6666666666666665,299,3.6701468721625785,299,Ndiaye,3,62,9
0.0,1.2,-1.2,0.0,0.0,0.0,0.0,1,55,2.6666666666666665,300,0.2903597176646129,300,McNeil,3,55,9
0.3333333333333333,0.2,0.1333333333333333,3.6666666666666665,0.0033333333333333335,0.13333333333333333,2.3333333333333335,1,52,2.6666666666666665,301,0.7047534473853763,301,Alcaraz,3,52,9
1.6666666666666667,2.2,-0.5333333333333334,86.33333333333333,0.06000000000000002,3.1,12.666666666666666,1,54,2.6666666666666665,302,3.145354227993757,302,Gana,3,54,9
3.3333333333333335,3.2,0.1333333333333333,90.0,0.4133333333333333,7.033333333333334,18.666666666666668,1,52,2.6666666666666665,303,3.169265332600762,303,Garner,3,52,9
0.3333333333333333,0.2,0.1333333333333333,3.6666666666666665,0.0,0.0,0.6666666666666666,1,48,2.6666666666666665,304,0.5949598105206734,304,Iroegbunam,3,48,9
1.6666666666666667,1.8,-0.1333333333333333,58.333333333333336,0.25,2.8333333333333335,9.333333333333334,1,45,2.6666666666666665,305,1.3509522386890203,305,Armstrong,3,45,9
0.0,0.0,0.0,0.0,0.0,0.0,0.0,1,43,2.6666666666666665,306,0.05638082599927347,306,Bates,3,43,9
0.0,0.0,0.0,0.0,0.0,0.0,0.0,1,44,2.6666666666666665,307,0.05638082599927347,307,Ebere,3,44,9
0.0,0.0,0.0,0.0,0.0,0.0,0.0,1,45,2.6666666666666665,308,0.05638082599927347,308,Heath,3,45,9
0.0,0.0,0.0,0.0,0.0,0.0,0.0,1,45,2.6666666666666665,309,0.05638082599927347,309,Metcalfe,3,45,9
2.0,4.6,-2.5999999999999996,72.33333333333333,0.5266666666666667,2.3666666666666667,1.6666666666666667,1,57,2.6666666666666665,310,2.0882910693071,310,Barry,4,57,9
2.6666666666666665,2.0,0.6666666666666665,16.666666666666668,0.2333333333333333,3.0999999999999996,8.666666666666666,1,50,2.6666666666666665,311,1.3691269361354688,311,Beto,4,50,9
0.0,0.0,0.0,0.0,0.0,0.0,0.0,1,49,2.6666666666666665,312,0.10104621887357924,312,Y.Chermiti,4,49,9
0.0,0.0,0.0,0.0,0.0,0.0,0.0,1,44,2.6666666666666665,313,0.05638082599927347,313,Sherif,4,44,9
0.6666666666666666,1.6,-0.9333333333333335,90.0,0.0,1.8666666666666665,7.333333333333333,0,49,3.0,314,2.290752584429045,314,Leno,1,49,10
0.0,0.0,0.0,0.0,0.0,0.0,0.0,0,40,3.0,315,0.050399930478815594,315,Benda,1,40,10
0.3333333333333333,0.8,-0.46666666666666673,23.333333333333332,0.006666666666666668,0.9666666666666667,2.6666666666666665,0,49,3.0,316,0.9970019541543812,316,Robinson,2,49,10
1.0,2.6,-1.6,90.0,0.21333333333333335,4.566666666666666,2.3333333333333335,0,45,3.0,317,2.230288572670156,317,Andersen,2,45,10
0.6666666666666666,0.4,0.2666666666666666,31.333333333333332,0.010000000000000037,1.0666666666666667,2.0,0,44,3.0,318,1.2334366359654558,318,Bassey,2,44,10
1.0,1.6,-0.6000000000000001,57.333333333333336,0.013333333333333334,1.3999999999999997,3.0,0,43,3.0,319,0.9060519972708243,319,Castagne,2,43,10
0.0,0.2,-0.2,0.0,0.0,0.0,0.0,0,43,3.0,320,0.16447666327385796,320,Diop,2,43,10
1.0,2.0,-1.0,58.333333333333336,0.15,2.1999999999999997,5.0,0,43,3.0,321,1.1764222851824808,321,J.Cuenca,2,43,10
0.6666666666666666,0.4,0.2666666666666666,32.333333333333336,0.15,2.6666666666666665,1.6666666666666667,0,45,3.0,322,1.3961109257317532,322,Tete,2,45,10
0.0,0.0,0.0,0.0,0.0,0.0,0.0,0,38,3.0,323,0.050399930478815594,323,Amissah,2,38,10
2.6666666666666665,2.0,0.6666666666666665,90.0,0.3733333333333333,4.3999999999999995,15.0,0,63,3.0,324,3.4899620829587152,324,Iwobi,3,63,10
1.6666666666666667,2.0,-0.33333333333333326,70.33333333333333,0.25666666666666665,2.333333333333334,10.0,0,56,3.0,325,2.4459914979820256,325,Smith Rowe,3,56,10
0.6666666666666666,0.4,0.2666666666666666,3.6666666666666665,0.049999999999999996,0.26666666666666666,1.6666666666666667,1,51,3.3333333333333335,326,0.8899829392848274,326,Adama,3,51,19
0.0,0.0,0.0,0.0,0.0,0.0,0.0,0,53,3.0,327,0.11291208445765315,327,Andreas,3,53,10
3.3333333333333335,2.8,0.5333333333333337,66.33333333333333,0.12666666666666668,3.766666666666666,12.666666666666666,0,54,3.0,328,2.5775261294158676,328,Sessegnon,3,54,10
2.0,3.6,-1.6,83.66666666666667,0.3966666666666667,4.199999999999999,11.0,0,59,3.0,329,2.527473152255887,329,Wilson,3,59,10
2.0,1.8,0.19999999999999996,86.66666666666667,0.22666666666666666,2.5999999999999996,14.666666666666666,0,49,3.0,330,2.6444520028263088,330,Berge,3,49,10
0.3333333333333333,0.6,-0.26666666666666666,3.6666666666666665,0.003333333333333324,0.13333333333333333,1.3333333333333333,0,48,3.0,331,0.63437644340771,331,Cairney,3,48,10
0.0,0.4,-0.4,0.0,0.0,0.0,0.0,0,49,3.0,332,0.21873336511742797,332,Lukić,3,49,10
0.0,0.0,0.0,0.0,0.0,0.0,0.0,0,45,3.0,333,0.050399930478815594,333,Godo,3,45,10
0.0,0.0,0.0,0.0,0.0,0.0,0.0,0,45,3.0,334,0.050399930478815594,334,Harris,3,45,10
0.3333333333333333,1.2,-0.8666666666666667,10.0,0.07,0.8666666666666666,1.6666666666666667,0,44,3.0,335,0.8360029352909694,335,King,3,44,10
0.3333333333333333,0.2,0.1333333333333333,3.0,0.0,0.03333333333333333,1.0,0,43,3.0,336,0.59813643022456,336,Reed,3,43,10
4.0,3.2,0.7999999999999998,74.33333333333333,0.7466666666666667,5.666666666666667,12.333333333333334,0,61,3.0,337,1.8223069280949018,337,Raúl,4,61,10
0.6666666666666666,0.4,0.2666666666666666,15.0,0.05666666666666667,0.7333333333333334,1.0,0,53,3.0,338,1.2713140682709683,338,Muniz,4,53,10
0.0,0.0,0.0,0.0,0.0,0.0,0.0,0,41,3.3333333333333335,339,0.050399930478815594,339,Meslier,1,41,11
0.0,0.0,0.0,0.0,0.0,0.0,0.0,0,39,3.3333333333333335,340,0.050399930478815594,340,Cairns,1,39,11
1.6666666666666667,2.6,-0.9333333333333333,90.0,0.006666666666666667,2.933333333333333,10.0,0,39,3.3333333333333335,341,1.3288541567487722,341,Darlow,1,39,11
4.0,4.0,0.0,90.0,0.23333333333333336,4.833333333333333,9.666666666666666,0,44,3.3333333333333335,342,2.535204384062606,342,Bogle,2,44,11
2.0,3.2,-1.2000000000000002,60.0,0.07333333333333332,3.3666666666666667,8.666666666666666,0,43,3.3333333333333335,343,1.4027178986049553,343,Struijk,2,43,11
1.0,0.6,0.4,30.0,0.0,0.5666666666666672,0.6666666666666666,0,39,3.3333333333333335,344,1.32427660019139,344,Bijol,2,39,11
0.3333333333333333,1.2,-0.8666666666666667,18.333333333333332,0.0,0.7666666666666666,0.0,0,38,3.3333333333333335,345,0.7672969197976852,345,Bornauw,2,38,11
0.0,0.0,0.0,0.0,0.0,0.0,0.0,0,38,3.3333333333333335,346,0.050399930478815594,346,Byram,2,38,11
0.3333333333333333,1.4,-1.0666666666666667,90.0,0.033333333333333375,2.1333333333333333,0.6666666666666666,0,38,3.3333333333333335,347,2.536932793578479,347,Gudmundsson,2,38,11
3.0,3.8,-0.7999999999999998,90.0,0.04,2.8666666666666667,9.333333333333334,0,39,3.3333333333333335,348,1.847831799374417,348,Rodon,2,39,11
0.0,0.0,0.0,0.0,0.0,0.0,0.0,0,40,3.3333333333333335,349,0.050399930478815594,349,Schmidt,2,40,11
2.3333333333333335,2.8,-0.46666666666666634,79.0,0.09999999999999999,1.5333333333333334,7.0,0,54,3.3333333333333335,350,2.746151261806462,350,Aaronson,3,54,11
0.3333333333333333,0.4,-0.06666666666666671,3.0,0.0033333333333333335,0.09999999999999999,1.0,0,52,3.3333333333333335,351,0.6743716339184739,351,Gnonto,3,52,11
0.0,0.0,0.0,0.0,0.0,0.0,0.0,0,51,3.3333333333333335,352,0.0991702710320841,352,Harrison,3,51,11
0.6666666666666666,0.4,0.2666666666666666,6.666666666666667,0.0033333333333333335,0.3333333333333333,2.0,0,52,3.3333333333333335,353,0.7392776798554761,353,James,3,52,11
2.0,3.4,-1.4,90.0,0.02666666666666663,1.7666666666666666,12.333333333333334,0,49,3.3333333333333335,354,3.175846199539882,354,Ampadu,3,49,11
0.0,0.0,0.0,0.0,0.0,0.0,0.0,0,49,3.3333333333333335,355,0.0950653233531214,355,Greenwood,3,49,11
4.666666666666667,3.8,0.8666666666666671,75.0,0.25,6.233333333333333,21.333333333333332,0,47,3.3333333333333335,356,1.9343612771799297,356,Gruev,3,47,11
0.0,0.0,0.0,0.0,0.0,0.0,0.0,0,49,3.3333333333333335,357,0.0950653233531214,357,Ramazani,3,49,11
0.0,0.4,-0.4,0.0,0.0,0.0,0.0,0,48,3.3333333333333335,358,0.21499837164639501,358,Tanaka,3,48,11
0.0,0.0,0.0,0.0,0.0,0.0,0.0,0,45,3.3333333333333335,359,0.050399930478815594,359,Crew,3,45,11
0.0,0.0,0.0,0.0,0.0,0.0,0.0,0,45,3.3333333333333335,360,0.050399930478815594,360,Gelhardt,3,45,11
0.0,0.0,0.0,0.0,0.0,0.0,0.0,0,45,3.3333333333333335,361,0.050399930478815594,361,Gyabi,3,45,11
0.3333333333333333,0.2,0.1333333333333333,1.6666666666666667,0.0,0.09999999999999999,1.6666666666666667,0,49,3.3333333333333335,362,0.5729442016358001,362,Piroe,4,49,11
0.0,0.0,0.0,0.0,0.0,0.0,0.0,0,49,3.3333333333333335,363,0.0950653233531214,363,Bamford,4,49,11
0.0,0.0,0.0,0.0,0.0,0.0,0.0,0,50,3.3333333333333335,364,0.0991702710320841,364,Mateo Joseph,4,50,11
3.6666666666666665,3.6,0.06666666666666643,27.0,0.4166666666666667,2.833333333333334,11.0,0,50,3.3333333333333335,365,1.4398243567648725,365,Nmecha,4,50,11
3.3333333333333335,2.6,0.7333333333333334,90.0,0.0033333333333333335,2.0,16.333333333333332,0,54,2.3333333333333335,366,2.8082573381242826,366,A.Becker,1,54,12
0.0,0.0,0.0,0.0,0.0,0.0,0.0,0,41,2.3333333333333335,367,0.050399930478815594,367,Mamardashvili,1,41,12
0.0,0.0,0.0,0.0,0.0,0.0,0.0,0,38,2.3333333333333335,368,0.050399930478815594,368,Pécsi,1,38,12
0.0,0.0,0.0,0.0,0.0,0.0,0.0,0,39,2.3333333333333335,369,0.050399930478815594,369,Woodman,1,39,12
0.0,0.4,-0.4,0.0,0.0,0.0,0.0,0,57,2.3333333333333335,370,0.2815754876765065,370,Frimpong,2,57,12
2.0,1.4,0.6000000000000001,60.0,0.01,2.433333333333333,8.0,0,56,2.3333333333333335,371,2.5110915757135994,371,Kerkez,2,56,12
2.6666666666666665,2.0,0.6666666666666665,30.0,0.04666666666666667,1.9666666666666668,10.0,0,57,2.3333333333333335,372,1.4514910414879674,372,Robertson,2,57,12
7.0,6.4,0.5999999999999996,90.0,0.2933333333333334,5.6000000000000005,18.333333333333332,0,59,2.3333333333333335,373,3.389077438708316,373,Virgil,2,59,12
6.0,4.0,2.0,90.0,0.09333333333333334,4.333333333333333,21.333333333333332,0,54,2.3333333333333335,374,3.2737400335424636,374,Konaté,2,54,12
0.0,0.0,0.0,0.0,0.0,0.0,0.0,0,49,2.3333333333333335,375,0.0950653233531214,375,Bradley,2,49,12
0.3333333333333333,0.2,0.1333333333333333,7.0,0.0,0.16666666666666666,1.0,0,49,2.3333333333333335,376,0.6805633222684175,376,Gomez,2,49,12
0.0,0.0,0.0,0.0,0.0,0.0,0.0,0,48,2.3333333333333335,377,0.09133032988208845,377,Tsimikas,2,48,12
0.0,0.0,0.0,0.0,0.0,0.0,0.0,0,37,2.3333333333333335,378,0.050399930478815594,378,Nallo,2,37,12
0.0,0.0,0.0,0.0,0.0,0.0,0.0,0,37,2.3333333333333335,379,0.050399930478815594,379,R.Williams,2,37,12
0.0,0.0,0.0,0.0,0.0,0.0,0.0,0,38,2.3333333333333335,380,0.050399930478815594,380,Ramsay,2,38,12
4.333333333333333,3.6,0.733333333333333,87.66666666666667,0.6633333333333332,7.0,13.666666666666666,0,140,2.3333333333333335,381,4.280288273183113,381,M.Salah,3,140,12
5.666666666666667,5.8,-0.13333333333333286,88.66666666666667,0.5266666666666666,8.200000000000001,22.333333333333332,0,84,2.3333333333333335,382,4.051236000719099,382,Wirtz,3,84,12
0.0,0.0,0.0,0.0,0.0,0.0,0.0,0,80,2.3333333333333335,383,0.15282197842682324,383,Luis Díaz,3,80,12
3.0,2.6,0.3999999999999999,82.66666666666667,0.27666666666666667,6.199999999999999,12.0,0,73,2.3333333333333335,384,2.2175366911698786,384,Gakpo,3,73,12
1.0,0.8,0.19999999999999996,3.0,0.006666666666666667,0.9,3.0,0,63,2.3333333333333335,385,1.5382642879334611,385,Chiesa,3,63,12
2.0,1.6,0.3999999999999999,90.0,0.06,3.8333333333333335,14.666666666666666,0,62,2.3333333333333335,386,2.7967046249979775,386,Mac Allister,3,62,12
4.333333333333333,5.2,-0.8666666666666671,60.0,0.1633333333333334,5.966666666666668,20.333333333333332,0,67,2.3333333333333335,387,2.563617110475492,387,Szoboszlai,3,67,12
1.0,1.8,-0.8,8.666666666666666,0.03666666666666663,0.9666666666666665,5.333333333333333,0,54,2.3333333333333335,388,1.1856510188338893,388,C.Jones,3,54,12
0.3333333333333333,0.2,0.1333333333333333,4.333333333333333,0.04,1.0,1.3333333333333333,1,51,2.3333333333333335,389,0.9524191086393475,389,Elliott,3,51,2
4.666666666666667,3.4,1.266666666666667,90.0,0.12333333333333335,3.733333333333333,20.0,0,55,2.3333333333333335,390,2.56753842105622,390,Gravenberch,3,55,12
0.0,0.0,0.0,0.0,0.0,0.0,0.0,0,48,2.3333333333333335,391,0.09133032988208845,391,Gannon-Doak,3,48,4
1.3333333333333333,1.0,0.33333333333333326,23.666666666666668,0.016666666666666666,0.7666666666666667,5.666666666666667,0,49,2.3333333333333335,392,1.275114682542914,392,Endo,3,49,12
0.0,0.0,0.0,0.0,0.0,0.0,0.0,0,43,2.3333333333333335,393,0.050399930478815594,393,Bajcetic,3,43,12
0.0,0.0,0.0,0.0,0.0,0.0,0.0,0,44,2.3333333333333335,394,0.050399930478815594,394,McConnell,3,44,12
0.0,0.0,0.0,0.0,0.0,0.0,0.0,0,45,2.3333333333333335,395,0.050399930478815594,395,Morton,3,45,12
0.0,0.0,0.0,0.0,0.0,0.0,0.0,0,43,2.3333333333333335,396,0.050399930478815594,396,Nyoni,3,43,12
0.0,0.0,0.0,0.0,0.0,0.0,0.0,0,65,2.3333333333333335,397,0.13443503930251285,397,Darwin,4,65,12
0.0,0.0,0.0,0.0,0.0,0.0,0.0,0,43,2.3333333333333335,398,0.050399930478815594,398,Danns,4,43,12
0.0,0.0,0.0,0.0,0.0,0.0,0.0,1,53,2.6666666666666665,399,0.11889297997811099,399,Ederson M.,1,53,13
2.6666666666666665,1.6,1.0666666666666664,60.0,0.0033333333333333335,1.3999999999999997,9.0,1,47,3.6666666666666665,400,2.7657338296533154,400,Ortega Moreno,1,47,16
0.0,0.0,0.0,0.0,0.0,0.0,0.0,1,38,2.6666666666666665,401,0.05638082599927347,401,Bettinelli,1,38,13
4.333333333333333,2.8,1.5333333333333332,83.0,0.15333333333333335,2.7999999999999994,19.666666666666668,1,57,2.6666666666666665,402,1.930449897043986,402,Aït-Nouri,2,57,13
0.0,0.0,0.0,0.0,0.0,0.0,0.0,1,59,2.6666666666666665,403,0.1940298601522747,403,Gvardiol,2,59,13
0.0,0.0,0.0,0.0,0.0,0.0,0.0,1,54,2.6666666666666665,404,0.11889297997811099,404,Akanji,2,54,13
0.3333333333333333,0.4,-0.06666666666666671,0.3333333333333333,0.0,0.5,1.6666666666666667,1,53,2.6666666666666665,405,0.4849255222631839,405,Aké,2,53,13
2.3333333333333335,3.2,-0.8666666666666667,60.0,0.10333333333333333,1.2333333333333332,11.333333333333334,1,54,2.6666666666666665,406,2.4271644191302544,406,Khusanov,2,54,13
3.3333333333333335,4.2,-0.8666666666666667,79.66666666666667,0.03,3.066666666666667,16.0,1,54,2.6666666666666665,407,2.863889731775848,407,Matheus N.,2,54,13
2.3333333333333335,1.4,0.9333333333333336,39.666666666666664,0.016666666666666666,1.3,9.0,1,55,2.6666666666666665,408,2.2582344641820904,408,Rúben,2,55,13
0.0,0.0,0.0,0.0,0.0,0.0,0.0,1,54,2.6666666666666665,409,0.11889297997811099,409,Stones,2,54,13
0.0,0.0,0.0,0.0,0.0,0.0,0.0,1,46,2.6666666666666665,410,0.08020368680258493,410,Lewis,2,46,13
5.333333333333333,4.2,1.1333333333333329,90.0,0.19333333333333325,4.033333333333334,16.666666666666668,1,49,2.6666666666666665,411,3.073405086473895,411,O'Reilly,2,49,13
0.0,0.0,0.0,0.0,0.0,0.0,0.0,1,50,2.6666666666666665,412,0.10515116655254195,412,Vitor Reis,2,50,13
1.3333333333333333,2.8,-1.4666666666666666,35.333333333333336,0.04,2.1666666666666665,3.6666666666666665,1,83,2.6666666666666665,413,1.9742596716949596,413,Marmoush,3,83,13
2.0,1.6,0.3999999999999999,24.0,0.09000000000000008,3.4333333333333336,8.333333333333334,1,82,2.6666666666666665,414,1.401179490809819,414,Foden,3,82,13
0.0,0.0,0.0,0.0,0.0,0.0,0.0,1,69,2.6666666666666665,415,0.18635504400425043,415,Savinho,3,69,13
4.0,4.0,0.0,78.66666666666667,0.48,7.333333333333333,24.333333333333332,1,62,2.6666666666666665,416,2.358428898984024,416,Bernardo,3,62,13
3.3333333333333335,2.8,0.5333333333333337,38.666666666666664,0.15333333333333332,3.3666666666666667,13.0,1,65,2.6666666666666665,417,2.1411224455167326,417,Cherki,3,65,13
0.0,0.6,-0.6,0.0,0.0,0.0,0.0,1,64,2.6666666666666665,418,0.3393498533183876,418,Doku,3,64,13
0.0,0.6,-0.6,0.0,0.0,0.0,0.0,1,63,2.6666666666666665,419,0.3358227801166172,419,Grealish,3,63,9
0.0,0.0,0.0,0.0,0.0,0.0,0.0,1,63,2.6666666666666665,420,0.1850378612486241,420,Gündoğan,3,63,13
3.3333333333333335,3.2,0.1333333333333333,83.33333333333333,0.15666666666666665,4.466666666666666,16.666666666666668,1,63,2.6666666666666665,421,2.3775952280593287,421,Rodrigo,3,63,13
0.0,0.0,0.0,0.0,0.0,0.0,0.0,1,58,2.6666666666666665,422,0.1940298601522747,422,Kovačić,3,58,13
0.0,0.0,0.0,13.0,0.03,0.39999999999999997,0.6666666666666666,1,59,2.6666666666666665,423,1.2886849788381498,423,N.Gonzalez,3,59,13
0.6666666666666666,0.4,0.2666666666666666,8.333333333333334,0.023333333333333334,0.9,2.6666666666666665,0,51,3.0,424,0.9514735010212744,424,Bobb,3,51,10
0.0,0.0,0.0,0.0,0.0,0.0,0.0,1,54,2.6666666666666665,425,0.11889297997811099,425,Echeverri,3,54,13
0.0,0.0,0.0,0.0,0.0,0.0,0.0,1,50,3.6666666666666665,426,0.10515116655254195,426,McAtee,3,50,16
0.6666666666666666,1.2,-0.5333333333333333,17.0,0.15333333333333335,0.9333333333333327,0.3333333333333333,1,51,2.6666666666666665,427,1.064728415121273,427,Reijnders,3,51,13
0.0,0.0,0.0,0.0,0.0,0.0,0.0,1,50,2.6666666666666665,428,0.10515116655254195,428,Nypan,3,50,13
0.0,0.0,0.0,0.0,0.0,0.0,0.0,1,47,2.6666666666666665,429,0.09085236033184756,429,Phillips,3,47,13
7.0,4.8,2.2,75.0,0.71,9.600000000000001,27.0,1,148,2.6666666666666665,430,4.895970294086938,430,Haaland,4,148,13
0.0,0.0,0.0,0.0,0.0,0.0,0.0,0,47,3.3333333333333335,431,0.08487146481138971,431,Bayindir,1,47,14
0.0,0.0,0.0,0.0,0.0,0.0,0.0,0,49,3.3333333333333335,432,0.0950653233531214,432,Onana,1,49,14
0.0,0.0,0.0,0.0,0.0,0.0,0.0,0,40,3.3333333333333335,433,0.050399930478815594,433,Harrison,1,40,14
0.0,0.0,0.0,0.0,0.0,0.0,0.0,0,39,3.3333333333333335,434,0.050399930478815594,434,Heaton,1,39,14
0.0,0.0,0.0,0.0,0.0,0.0,0.0,0,39,3.3333333333333335,435,0.050399930478815594,435,Mee,1,39,14
0.0,0.0,0.0,0.0,0.0,0.0,0.0,0,49,3.3333333333333335,436,0.0950653233531214,436,De Ligt,2,49,14
3.3333333333333335,3.4,-0.06666666666666643,90.0,0.09333333333333332,2.8666666666666667,17.666666666666668,0,48,3.3333333333333335,437,2.6072545384103165,437,Martinez,2,48,14
0.6666666666666666,0.6,0.06666666666666665,2.3333333333333335,0.01333333333333333,0.5333333333333333,1.0,0,49,3.3333333333333335,438,0.760149298303364,438,Mazraoui,2,49,14
0.0,0.0,0.0,0.0,0.0,0.0,0.0,0,42,3.3333333333333335,439,0.050399930478815594,439,D.Leon,2,42,14
5.0,4.2,0.7999999999999998,85.33333333333333,0.17666666666666667,5.466666666666668,25.333333333333332,0,45,3.3333333333333335,440,1.4795855094135437,440,Dalot,2,45,14
0.0,4.6,-4.6,0.0,0.0,0.0,0.0,0,43,3.3333333333333335,441,0.17380899331618957,441,Dorgu,2,43,14
3.3333333333333335,3.8,-0.46666666666666634,82.33333333333333,0.09999999999999999,3.3000000000000003,16.333333333333332,0,43,3.3333333333333335,442,1.910826785029312,442,Maguire,2,43,14
3.0,3.0,0.0,88.66666666666667,0.20000000000000004,3.1333333333333333,13.0,0,45,3.3333333333333335,443,2.4524159150234066,443,Shaw,2,45,14
0.6666666666666666,0.4,0.2666666666666666,7.666666666666667,0.0033333333333333335,0.5333333333333337,3.0,0,41,3.3333333333333335,444,0.6743340125863845,444,Yoro,2,41,14
0.0,0.0,0.0,0.0,0.0,0.0,0.0,0,40,3.3333333333333335,445,0.050399930478815594,445,Amass,2,40,14
0.0,0.0,0.0,0.0,0.0,0.0,0.0,0,38,3.3333333333333335,446,0.050399930478815594,446,Fredricson,2,38,14
0.0,0.2,-0.2,0.0,0.0,0.0,0.0,0,37,3.3333333333333335,447,0.12788605842966064,447,Heaven,2,37,14
0.0,0.0,0.0,0.0,0.0,0.0,0.0,0,38,3.3333333333333335,448,0.050399930478815594,448,Malacia,2,38,14
7.333333333333333,7.4,-0.06666666666666732,90.0,0.59,11.933333333333335,32.666666666666664,0,98,3.3333333333333335,449,3.793145248888272,449,B.Fernandes,3,98,14
4.666666666666667,5.4,-0.7333333333333334,71.66666666666667,0.12,3.9666666666666663,15.0,0,81,3.3333333333333335,450,4.377257458660337,450,Cunha,3,81,14
0.0,0.0,0.0,0.0,0.0,0.0,0.0,0,70,3.3333333333333335,451,0.12782635582631016,451,Rashford,3,70,14
2.0,2.2,-0.20000000000000018,90.0,0.19000000000000003,6.0,18.666666666666668,0,62,3.3333333333333335,452,2.38708228339943,452,Amad,3,62,14
0.6666666666666666,0.6,0.06666666666666665,24.666666666666668,0.02,0.933333333333333,3.3333333333333335,1,64,3.3333333333333335,453,1.7391414950332151,453,Garnacho,3,64,7
0.0,0.0,0.0,0.0,0.0,0.0,0.0,0,59,3.3333333333333335,454,0.14006432593042553,454,Antony,3,59,14
0.0,0.2,-0.2,0.0,0.0,0.0,0.0,0,59,3.3333333333333335,455,0.26389442657444623,455,Mount,3,59,14
2.6666666666666665,1.8,0.8666666666666665,70.33333333333333,0.27999999999999997,5.833333333333333,13.333333333333334,1,58,2.3333333333333335,456,1.9898888191123363,456,Sancho,3,58,2
6.0,4.6,1.4000000000000004,83.33333333333333,0.3333333333333334,8.266666666666666,22.333333333333332,0,56,3.3333333333333335,457,1.3670935417697494,457,Casemiro,3,56,14
4.0,4.0,0.0,90.0,0.10000000000000002,5.466666666666668,19.666666666666668,0,46,3.3333333333333335,458,2.934892910990356,458,Mainoo,3,46,14
0.6666666666666666,0.6,0.06666666666666665,6.0,0.0,0.5333333333333332,2.6666666666666665,0,47,3.3333333333333335,459,0.7085433312197583,459,Ugarte,3,47,14
0.0,0.0,0.0,0.0,0.0,0.0,0.0,0,45,3.3333333333333335,460,0.050399930478815594,460,Collyer,3,45,14
0.0,0.0,0.0,0.0,0.0,0.0,0.0,0,43,3.3333333333333335,461,0.050399930478815594,461,Fitzgerald,3,43,14
0.0,0.0,0.0,0.0,0.0,0.0,0.0,0,43,3.3333333333333335,462,0.050399930478815594,462,J.Fletcher,3,43,14
0.0,0.0,0.0,0.0,0.0,0.0,0.0,0,43,3.3333333333333335,463,0.050399930478815594,463,Kone,3,43,14
0.0,0.0,0.0,0.0,0.0,0.0,0.0,0,45,3.3333333333333335,464,0.050399930478815594,464,Moorhouse,3,45,14
0.0,0.0,0.0,0.0,0.0,0.0,0.0,0,63,3.3333333333333335,465,0.13355336102334622,465,Højlund,4,63,14
0.6666666666666666,0.4,0.2666666666666666,3.6666666666666665,0.03,0.26666666666666666,0.3333333333333333,0,58,3.3333333333333335,466,1.0339192322879693,466,Zirkzee,4,58,14
0.0,0.0,0.0,0.0,0.0,0.0,0.0,0,42,3.3333333333333335,467,0.050399930478815594,467,Obi,4,42,14
0.0,0.0,0.0,0.0,0.0,0.0,0.0,0,45,3.3333333333333335,468,0.050399930478815594,468,Wheatley,4,45,14
1.6666666666666667,2.8,-1.133333333333333,90.0,0.0,1.1666666666666667,2.3333333333333335,0,51,3.6666666666666665,469,2.366903193718154,469,Pope,1,51,15
1.0,2.6,-1.6,90.0,0.0,1.7666666666666664,6.333333333333333,0,40,3.3333333333333335,470,2.2005334903777336,470,Dúbravka,1,40,3
0.0,0.0,0.0,0.0,0.0,0.0,0.0,0,39,3.6666666666666665,471,0.050399930478815594,471,Gillespie,1,39,15
0.0,0.0,0.0,0.0,0.0,0.0,0.0,0,40,3.6666666666666665,472,0.050399930478815594,472,Odysseas,1,40,15
1.3333333333333333,2.8,-1.4666666666666666,59.666666666666664,0.040000000000000015,3.066666666666667,2.0,0,53,3.6666666666666665,473,2.410686152288788,473,Hall,2,53,15
0.0,0.0,0.0,0.0,0.0,0.0,0.0,0,52,3.6666666666666665,474,0.0991702710320841,474,Schär,2,52,15
3.0,3.4,-0.3999999999999999,60.0,0.33,4.766666666666667,9.333333333333334,0,49,3.6666666666666665,475,1.9545318383005237,475,Botman,2,49,15
1.0,0.6,0.4,61.0,0.026666666666666672,2.566666666666667,2.3333333333333335,0,50,3.6666666666666665,476,2.8047115413747696,476,Burn,2,50,15
0.0,0.0,0.0,0.0,0.0,0.0,0.0,0,49,3.6666666666666665,477,0.0950653233531214,477,Livramento,2,49,15
1.3333333333333333,2.2,-0.8666666666666669,86.33333333333333,0.06999999999999999,4.466666666666668,4.666666666666667,0,49,3.6666666666666665,478,1.9139575238304853,478,Trippier,2,49,15
0.0,0.0,0.0,0.0,0.0,0.0,0.0,0,43,3.6666666666666665,479,0.050399930478815594,479,Krafth,2,43,15
0.0,0.0,0.0,0.0,0.0,0.0,0.0,0,43,3.6666666666666665,480,0.050399930478815594,480,Lascelles,2,43,15
0.3333333333333333,0.2,0.1333333333333333,0.3333333333333333,0.0,0.06666666666666667,-0.3333333333333333,0,38,3.6666666666666665,481,0.3427876868073464,481,A.Murphy,2,38,15
0.0,0.0,0.0,0.0,0.0,0.0,0.0,0,39,3.6666666666666665,482,0.050399930478815594,482,Ashby,2,39,15
0.0,0.0,0.0,0.0,0.0,0.0,0.0,0,38,3.6666666666666665,483,0.050399930478815594,483,Pivas,2,38,15
0.0,0.0,0.0,0.0,0.0,0.0,0.0,0,40,3.6666666666666665,484,0.050399930478815594,484,Targett,2,40,15
3.6666666666666665,3.2,0.46666666666666634,59.0,0.28666666666666657,4.666666666666667,13.333333333333334,0,72,3.6666666666666665,485,1.4778130043322215,485,Gordon,3,72,15
1.6666666666666667,1.4,0.26666666666666683,63.666666666666664,0.2866666666666667,4.233333333333333,9.0,0,65,3.6666666666666665,486,1.4927557033531058,486,Elanga,3,65,15
2.0,2.2,-0.20000000000000018,84.0,0.24333333333333326,2.4333333333333336,4.333333333333333,0,61,3.6666666666666665,487,1.5158998992458537,487,Barnes,3,61,15
4.666666666666667,3.4,1.266666666666667,60.0,0.4866666666666668,6.400000000000001,19.333333333333332,0,69,3.6666666666666665,488,2.10929525327869,488,Bruno G.,3,69,15
0.6666666666666666,0.4,0.2666666666666666,25.666666666666668,0.016666666666666666,0.6333333333333327,2.3333333333333335,0,59,3.6666666666666665,489,1.694933300948247,489,J.Murphy,3,59,15
0.0,0.6,-0.6,0.0,0.0,0.0,0.0,0,59,3.6666666666666665,490,0.26475191160227773,490,Joelinton,3,59,15
1.6666666666666667,2.2,-0.5333333333333334,63.666666666666664,0.07666666666666667,1.3666666666666665,9.666666666666666,0,53,3.6666666666666665,491,1.6077609028454611,491,Tonali,3,53,15
0.0,0.0,0.0,0.0,0.0,0.0,0.0,0,49,3.6666666666666665,492,0.0950653233531214,492,Antoñito C.,3,49,15
0.6666666666666666,0.6,0.06666666666666665,18.0,0.01,0.6,1.3333333333333333,0,48,3.3333333333333335,493,1.1519776293571211,493,Longstaff,3,48,11
1.6666666666666667,1.2,0.4666666666666668,68.0,0.11333333333333334,2.9,7.333333333333333,0,50,3.6666666666666665,494,1.897106574882192,494,Willock,3,50,15
0.0,0.0,0.0,0.0,0.0,0.0,0.0,0,45,3.6666666666666665,495,0.050399930478815594,495,Hayden,3,45,15
0.0,0.0,0.0,0.0,0.0,0.0,0.0,0,44,3.6666666666666665,496,0.050399930478815594,496,Kuol,3,44,15
0.0,0.6,-0.6,0.0,0.0,0.0,0.0,0,45,3.6666666666666665,497,0.17751225169887974,497,L.Miley,3,45,15
0.0,0.0,0.0,0.0,0.0,0.0,0.0,0,45,3.6666666666666665,498,0.050399930478815594,498,White,3,45,15
0.0,0.0,0.0,0.0,0.0,0.0,0.0,0,103,2.3333333333333335,499,0.3591678456476393,499,Isak,4,103,12
1.0,0.6,0.4,11.0,0.0033333333333333335,0.16666666666666666,2.3333333333333335,0,54,3.6666666666666665,500,1.1107394810064108,500,Osula,4,54,15
0.0,0.0,0.0,0.0,0.0,0.0,0.0,0,43,3.6666666666666665,501,0.050399930478815594,501,Neave,4,43,15
0.3333333333333333,3.4,-3.0666666666666664,15.0,0.0,0.16666666666666666,0.3333333333333333,1,46,3.6666666666666665,502,0.9424269092526592,502,Sels,1,46,16
0.0,0.0,0.0,0.0,0.0,0.0,0.0,1,40,3.6666666666666665,503,0.05638082599927347,503,C.Miguel,1,40,16
0.0,0.0,0.0,0.0,0.0,0.0,0.0,1,40,3.6666666666666665,504,0.05638082599927347,504,Turner,1,40,16
3.3333333333333335,4.8,-1.4666666666666663,90.0,0.0033333333333333518,1.8,9.333333333333334,1,51,3.6666666666666665,505,2.809799445712613,505,Milenković,2,51,16
0.6666666666666666,3.6,-2.9333333333333336,30.0,0.0033333333333333427,0.9333333333333336,5.0,1,52,3.6666666666666665,506,1.1838644667892793,506,Murillo,2,52,16
3.3333333333333335,5.2,-1.8666666666666667,90.0,0.13,3.1999999999999997,15.333333333333334,1,47,3.6666666666666665,507,3.7100050595018343,507,Aina,2,47,16
2.0,4.0,-2.0,44.666666666666664,0.2866666666666667,3.8333333333333335,8.666666666666666,1,47,3.6666666666666665,508,1.3980112262491808,508,N.Williams,2,47,16
0.0,0.0,0.0,0.0,0.0,0.0,0.0,1,45,3.6666666666666665,509,0.05638082599927347,509,David Carmo,2,45,16
0.0,0.0,0.0,0.0,0.0,0.0,0.0,1,42,3.6666666666666665,510,0.05638082599927347,510,Jair Cunha,2,42,16
4.0,2.6,1.4,75.0,0.2733333333333334,4.066666666666666,14.0,1,43,3.6666666666666665,511,1.7432981498874731,511,Morato,2,43,16
0.0,0.0,0.0,0.0,0.0,0.0,0.0,1,45,3.6666666666666665,512,0.05638082599927347,512,O.Richards,2,45,16
0.3333333333333333,0.2,0.1333333333333333,25.0,0.0033333333333333335,0.5333333333333333,-1.3333333333333333,1,38,3.6666666666666665,513,0.998228997956103,513,Abbott,2,38,16
0.0,0.0,0.0,0.0,0.0,0.0,0.0,1,38,3.6666666666666665,514,0.05638082599927347,514,Boly,2,38,16
4.333333333333333,4.4,-0.06666666666666732,82.0,0.3033333333333333,8.966666666666667,18.333333333333332,1,73,3.6666666666666665,515,2.4408067540952505,515,Gibbs-White,3,73,16
2.0,2.4,-0.3999999999999999,58.333333333333336,0.2366666666666667,5.466666666666666,11.0,1,57,3.6666666666666665,516,2.946381466210429,516,Hudson-Odoi,3,57,16
5.333333333333333,5.2,0.13333333333333286,90.0,0.3933333333333333,8.3,23.333333333333332,1,54,3.6666666666666665,517,2.9845529580841306,517,Anderson,3,54,16
0.0,0.0,0.0,0.0,0.0,0.0,0.0,1,54,3.6666666666666665,518,0.11889297997811099,518,Jota,3,54,16
0.6666666666666666,1.6,-0.9333333333333335,32.666666666666664,0.06666666666666665,1.9999999999999998,4.666666666666667,1,50,3.6666666666666665,519,1.438896971519379,519,Dominguez,3,50,16
0.0,0.0,0.0,0.0,0.0,0.0,0.0,1,50,3.6666666666666665,520,0.10515116655254195,520,O'Brien,3,50,16
2.0,2.8,-0.7999999999999998,90.0,0.10666666666666667,2.766666666666667,11.0,1,49,3.6666666666666665,521,2.9540262504893264,521,Sangaré,3,49,16
0.6666666666666666,0.4,0.2666666666666666,22.666666666666668,0.016666666666666666,1.1333333333333333,3.3333333333333335,1,47,3.6666666666666665,522,1.3518756827020333,522,Yates,3,47,16
0.0,0.0,0.0,0.0,0.0,0.0,0.0,1,45,3.6666666666666665,523,0.05638082599927347,523,Da Silva Moreira,3,45,16
0.0,0.0,0.0,0.0,0.0,0.0,0.0,1,45,3.6666666666666665,524,0.05638082599927347,524,Stamenic,3,45,16
0.0,0.0,0.0,0.0,0.0,0.0,0.0,1,72,3.6666666666666665,525,0.18230671793520217,525,Wood,4,72,16
1.3333333333333333,3.0,-1.6666666666666667,47.0,0.18333333333333338,2.766666666666667,3.3333333333333335,1,58,3.6666666666666665,526,1.786678665109602,526,Igor Jesus,4,58,16
0.0,1.2,-1.2,0.0,0.0,0.0,0.0,1,52,3.6666666666666665,527,0.3208232133016317,527,Awoniyi,4,52,16
0.0,0.0,0.0,0.0,0.0,0.0,0.0,1,42,2.6666666666666665,528,0.05638082599927347,528,Patterson,1,42,17
0.0,0.0,0.0,0.0,0.0,0.0,0.0,1,39,2.6666666666666665,529,0.05638082599927347,529,Moore,1,39,17
0.0,0.0,0.0,0.0,0.0,0.0,0.0,1,39,2.6666666666666665,530,0.05638082599927347,530,Nna Noukeu,1,39,17
4.666666666666667,4.0,0.666666666666667,90.0,0.08333333333333333,3.4666666666666663,17.0,1,46,2.6666666666666665,531,2.888773573356993,531,Ballard,2,46,17
2.6666666666666665,1.8,0.8666666666666665,84.33333333333333,0.13666666666666666,2.8333333333333335,8.333333333333334,1,45,2.6666666666666665,532,2.249286352621265,532,Hume,2,45,17
0.0,0.0,0.0,0.0,0.0,0.0,0.0,1,40,2.6666666666666665,533,0.05638082599927347,533,Alese,2,40,17
0.0,0.0,0.0,0.0,0.0,0.0,0.0,1,38,2.6666666666666665,534,0.05638082599927347,534,Anderson,2,38,17
0.0,0.4,-0.4,0.0,0.0,0.0,0.0,1,40,2.6666666666666665,535,0.1755917497510112,535,Cirkin,2,40,17
0.0,0.0,0.0,0.0,0.0,0.0,0.0,1,40,2.6666666666666665,536,0.05638082599927347,536,Hjelde,2,40,17
0.0,0.0,0.0,0.0,0.0,0.0,0.0,1,40,2.6666666666666665,537,0.05638082599927347,537,Huggins,2,40,17
0.0,0.0,0.0,0.0,0.0,0.0,0.0,1,38,2.6666666666666665,538,0.05638082599927347,538,Johnson,2,38,17
0.3333333333333333,0.4,-0.06666666666666671,1.3333333333333333,0.0,0.03333333333333333,0.6666666666666666,1,40,2.6666666666666665,539,0.45195472925061486,539,O'Nien,2,40,17
0.0,0.0,0.0,0.0,0.0,0.0,0.0,1,39,2.6666666666666665,540,0.05638082599927347,540,Pembele,2,39,17
4.333333333333333,2.8,1.5333333333333332,90.0,0.11,4.433333333333334,16.333333333333332,1,38,2.6666666666666665,541,3.4722098282480283,541,Reinildo,2,38,17
0.0,0.0,0.0,0.0,0.0,0.0,0.0,1,40,2.6666666666666665,542,0.05638082599927347,542,Seelt,2,40,17
0.0,0.0,0.0,0.0,0.0,0.0,0.0,1,49,2.6666666666666665,543,0.10104621887357924,543,Adingra,3,49,17
5.666666666666667,3.4,2.266666666666667,86.33333333333333,0.2333333333333333,4.3,21.0,1,53,2.6666666666666665,544,2.4609485068914907,544,Diarra,3,53,17
0.0,0.0,0.0,0.0,0.0,0.0,0.0,1,54,2.6666666666666665,545,0.11889297997811099,545,Roberts,3,54,17
0.0,0.0,0.0,0.0,0.0,0.0,0.0,1,49,2.6666666666666665,546,0.10104621887357924,546,Aleksić,3,49,17
3.0,3.8,-0.7999999999999998,90.0,0.12666666666666673,2.766666666666667,16.333333333333332,1,49,2.6666666666666665,547,2.6990636623021413,547,E.Le Fée,3,49,17
1.0,1.2,-0.19999999999999996,15.333333333333334,0.006666666666666667,0.5333333333333331,3.3333333333333335,1,49,2.6666666666666665,548,1.2399917450134095,548,Mundle,3,49,17
0.0,0.0,0.0,0.0,0.0,0.0,0.0,1,48,2.6666666666666665,549,0.09731122540254629,549,Neil,3,48,17
0.0,0.0,0.0,0.0,0.0,0.0,0.0,1,48,2.6666666666666665,550,0.09731122540254629,550,Poveda,3,48,17
0.0,0.0,0.0,0.0,0.0,0.0,0.0,1,47,2.6666666666666665,551,0.09085236033184756,551,Rigg,3,47,17
2.3333333333333335,3.0,-0.6666666666666665,83.33333333333333,0.04,2.1333333333333333,12.666666666666666,1,49,2.6666666666666665,552,3.5205801544921793,552,Sadiki,3,49,17
3.6666666666666665,2.4,1.2666666666666666,50.666666666666664,0.060000000000000005,3.466666666666667,13.333333333333334,1,49,2.6666666666666665,553,2.0093018797179876,553,Talbi,3,49,17
0.0,0.0,0.0,0.0,0.0,0.0,0.0,1,43,2.6666666666666665,554,0.05638082599927347,554,Ba,3,43,17
0.0,0.0,0.0,0.0,0.0,0.0,0.0,1,45,2.6666666666666665,555,0.05638082599927347,555,Browne,3,45,17
0.0,0.0,0.0,0.0,0.0,0.0,0.0,1,45,2.6666666666666665,556,0.05638082599927347,556,Ekwah,3,45,17
0.0,0.0,0.0,0.0,0.0,0.0,0.0,1,43,2.6666666666666665,557,0.05638082599927347,557,H.Jones,3,43,17
0.0,0.0,0.0,0.0,0.0,0.0,0.0,1,43,2.6666666666666665,558,0.05638082599927347,558,Matete,3,43,17
0.0,0.0,0.0,0.0,0.0,0.0,0.0,1,44,2.6666666666666665,559,0.05638082599927347,559,Triantis,3,44,17
1.0,0.8,0.19999999999999996,5.333333333333333,0.03,0.8333333333333334,3.3333333333333335,1,51,2.6666666666666665,560,1.1902671395520703,560,Isidor,4,51,17
0.0,0.6,-0.6,0.0,0.0,0.0,0.0,1,52,2.6666666666666665,561,0.23308791154110112,561,Mayenda,4,52,17
0.0,0.0,0.0,0.0,0.0,0.0,0.0,1,42,2.6666666666666665,562,0.05638082599927347,562,Abdullahi,4,42,17
0.0,0.0,0.0,0.0,0.0,0.0,0.0,1,44,2.6666666666666665,563,0.05638082599927347,563,Luís Hemir,4,44,17
0.0,0.0,0.0,0.0,0.0,0.0,0.0,1,44,2.6666666666666665,564,0.05638082599927347,564,Rusyn,4,44,17
2.0,1.6,0.3999999999999999,90.0,0.0,2.9,12.0,1,47,3.3333333333333335,565,2.9079853220720597,565,Vicario,1,47,18
0.0,0.0,0.0,0.0,0.0,0.0,0.0,1,39,3.3333333333333335,566,0.05638082599927347,566,Austin,1,39,18
0.0,0.0,0.0,0.0,0.0,0.0,0.0,1,39,3.3333333333333335,567,0.05638082599927347,567,Kinsky,1,39,18
0.0,1.0,-1.0,0.0,0.0,0.0,0.0,1,51,3.3333333333333335,568,0.23308791154110112,568,Pedro Porro,2,51,18
-1.0,3.2,-4.2,24.333333333333332,0.0066666666666667035,0.3,-6.666666666666667,1,50,3.3333333333333335,569,1.2458248647749193,569,Romero,2,50,18
0.0,0.2,-0.2,0.0,0.0,0.0,0.0,1,42,3.3333333333333335,570,0.16600044078174694,570,Danso,2,42,18
0.0,0.0,0.0,0.0,0.0,0.0,0.0,1,43,3.3333333333333335,571,0.05638082599927347,571,Davies,2,43,18
1.3333333333333333,1.0,0.33333333333333326,79.33333333333333,0.04,2.0,0.6666666666666666,1,45,3.3333333333333335,572,2.3301450676317073,572,Dragusin,2,45,18
0.0,0.4,-0.4,30.0,0.0033333333333333704,0.5,1.6666666666666667,1,42,3.3333333333333335,573,1.0302218089983972,573,Spence,2,42,18
0.3333333333333333,0.4,-0.06666666666666671,48.0,0.06666666666666667,2.166666666666667,2.0,1,43,3.3333333333333335,574,1.5569434418661894,574,Udogie,2,43,18
1.3333333333333333,2.2,-0.8666666666666669,60.0,0.10666666666666659,2.1666666666666665,5.333333333333333,1,45,3.3333333333333335,575,1.8021368334555419,575,Van de Ven,2,45,18
0.0,0.0,0.0,0.0,0.0,0.0,0.0,1,40,3.3333333333333335,576,0.05638082599927347,576,Phillips,2,40,18
0.0,0.0,0.0,0.0,0.0,0.0,0.0,1,40,3.3333333333333335,577,0.05638082599927347,577,Takai,2,40,18
0.0,0.0,0.0,0.0,0.0,0.0,0.0,1,39,3.3333333333333335,578,0.05638082599927347,578,Vuskovic,2,39,18
0.0,0.0,0.0,0.0,0.0,0.0,0.0,1,85,3.3333333333333335,579,0.41008483115751065,579,Son,3,85,18
1.3333333333333333,1.6,-0.26666666666666683,41.333333333333336,0.14333333333333334,2.0666666666666664,4.0,1,65,3.0,580,2.3307525768098256,580,Johnson,3,65,8
0.0,0.0,0.0,0.0,0.0,0.0,0.0,1,68,3.3333333333333335,581,0.16080795292103892,581,Maddison,3,68,18
0.0,0.0,0.0,0.0,0.0,0.0,0.0,1,64,3.3333333333333335,582,0.17760486233332953,582,Kudus,3,64,18
0.0,0.0,0.0,0.0,0.0,0.0,0.0,1,64,3.3333333333333335,583,0.17760486233332953,583,Kulusevski,3,64,18
1.0,1.2,-0.19999999999999996,29.0,0.21666666666666667,2.4,1.6666666666666667,1,62,3.3333333333333335,584,1.6501376162691548,584,Tel,3,62,18
0.0,0.0,0.0,0.0,0.0,0.0,0.0,1,53,3.3333333333333335,585,0.11889297997811099,585,Bentancur,3,53,18
0.0,0.2,-0.2,0.0,0.0,0.0,0.0,1,52,3.3333333333333335,586,0.21477078133501543,586,Bergvall,3,52,18
1.0,1.6,-0.6000000000000001,40.666666666666664,0.0,0.4666666666666666,3.6666666666666665,1,52,3.3333333333333335,587,1.6230664810051967,587,Bissouma,3,52,18
1.0,2.6,-1.6,29.0,0.13999999999999999,2.233333333333333,4.0,1,53,3.3333333333333335,588,1.7159563755815355,588,Odobert,3,53,18
0.0,0.0,0.0,0.0,0.0,0.0,0.0,1,54,3.3333333333333335,589,0.11889297997811099,589,Solomon,3,54,18
0.0,0.0,0.0,0.0,0.0,0.0,0.0,1,49,3.3333333333333335,590,0.10104621887357924,590,Bryan,3,49,18
4.666666666666667,3.0,1.666666666666667,90.0,0.2966666666666667,4.3999999999999995,18.666666666666668,1,48,3.3333333333333335,591,2.8058893878449296,591,Gray,3,48,18
0.0,0.0,0.0,0.0,0.0,0.0,0.0,1,50,3.3333333333333335,592,0.10515116655254195,592,Moore,3,50,18
3.6666666666666665,2.2,1.4666666666666663,75.0,0.18333333333333335,3.866666666666667,17.666666666666668,1,45,3.3333333333333335,593,2.1607151378284573,593,P.M.Sarr,3,45,18
0.0,0.0,0.0,0.0,0.0,0.0,0.0,1,45,3.3333333333333335,594,0.05638082599927347,594,Min-hyeok,3,45,18
0.0,0.0,0.0,0.0,0.0,0.0,0.0,1,43,3.3333333333333335,595,0.05638082599927347,595,Olusesi,3,43,18
5.333333333333333,3.8,1.5333333333333332,86.0,0.22,5.766666666666667,21.333333333333332,1,72,3.3333333333333335,596,3.177405274349206,596,Solanke,4,72,18
0.0,0.0,0.0,0.0,0.0,0.0,0.0,1,63,3.3333333333333335,597,0.17713690813898933,597,Richarlison,4,63,18
0.0,0.0,0.0,0.0,0.0,0.0,0.0,1,45,3.3333333333333335,598,0.05638082599927347,598,Lankshear,4,45,18
0.0,0.2,-0.2,0.0,0.0,0.0,0.0,1,43,3.3333333333333335,599,0.16600044078174694,599,Scarlett,4,43,18
0.6666666666666666,1.4,-0.7333333333333333,30.0,0.0,0.6333333333333333,1.6666666666666667,1,43,3.3333333333333335,600,1.0251843350716994,600,Areola,1,43,19
0.0,0.0,0.0,0.0,0.0,0.0,0.0,1,40,3.3333333333333335,601,0.05638082599927347,601,Foderingham,1,40,19
0.0,0.0,0.0,0.0,0.0,0.0,0.0,1,39,3.3333333333333335,602,0.05638082599927347,602,Hegyi,1,39,19
5.333333333333333,3.4,1.9333333333333331,79.0,0.06666666666666667,3.233333333333333,20.0,1,40,3.3333333333333335,603,2.588381408238785,603,Diouf,2,40,19
0.0,0.0,0.0,0.0,0.0,0.0,0.0,1,44,3.3333333333333335,604,0.05638082599927347,604,Emerson,2,44,19
0.0,0.4,-0.4,8.0,0.0,0.3999999999999997,-1.0,1,42,3.3333333333333335,605,0.5978374341942165,605,Kilman,2,42,19
4.333333333333333,3.8,0.5333333333333332,90.0,0.013333333333333324,2.3000000000000003,13.0,1,44,3.3333333333333335,606,2.956223968939333,606,Mavropanos,2,44,19
0.0,0.0,0.0,0.0,0.0,0.0,0.0,1,44,3.3333333333333335,607,0.05638082599927347,607,N.Aguerd,2,44,19
0.6666666666666666,1.8,-1.1333333333333333,10.0,0.0033333333333333335,0.7666666666666666,2.3333333333333335,1,43,3.3333333333333335,608,0.6492640190106457,608,Scarles,2,43,19
0.0,1.2,-1.2,30.0,0.06666666666666667,0.7333333333333334,-4.666666666666667,1,43,3.3333333333333335,609,1.4522696660403975,609,Todibo,2,43,19
5.666666666666667,4.6,1.0666666666666673,90.0,0.03000000000000001,4.6000000000000005,22.333333333333332,1,41,3.3333333333333335,610,2.955675047811124,610,Wan-Bissaka,2,41,19
0.0,0.0,0.0,0.0,0.0,0.0,0.0,1,40,3.3333333333333335,611,0.05638082599927347,611,Casey,2,40,19
0.0,0.0,0.0,0.0,0.0,0.0,0.0,1,59,3.3333333333333335,612,0.18612890704263993,612,L.Paquetá,3,59,19
4.666666666666667,3.8,0.8666666666666671,90.0,0.17,4.0,15.333333333333334,1,57,3.3333333333333335,613,3.1106348659440353,613,Souček,3,57,19
0.3333333333333333,0.2,0.1333333333333333,2.3333333333333335,0.0033333333333333335,0.19999999999999998,1.6666666666666667,0,56,3.3333333333333335,614,0.7023962605720613,614,Ward-Prowse,3,56,3
7.0,7.8,-0.7999999999999998,89.66666666666667,0.4266666666666667,7.066666666666666,26.666666666666668,1,56,3.3333333333333335,615,3.5791874270686703,615,Summerville,3,56,19
0.0,0.0,0.0,0.0,0.0,0.0,0.0,1,49,3.3333333333333335,616,0.10104621887357924,616,Álvarez,3,49,19
0.0,0.0,0.0,0.0,0.0,0.0,0.0,1,49,3.3333333333333335,617,0.10104621887357924,617,Cornet,3,49,19
0.0,0.2,-0.2,0.0,0.0,0.0,0.0,1,48,3.3333333333333335,618,0.20693084018501975,618,G.Rodriguez,3,48,19
0.0,0.0,0.0,0.0,0.0,0.0,0.0,1,49,3.3333333333333335,619,0.10104621887357924,619,L.Guilherme,3,49,19
0.0,0.0,0.0,0.0,0.0,0.0,0.0,1,45,3.3333333333333335,620,0.05638082599927347,620,Earthy,3,45,19
0.0,0.0,0.0,0.0,0.0,0.0,0.0,1,43,3.3333333333333335,621,0.05638082599927347,621,Irving,3,43,19
0.0,0.0,0.0,0.0,0.0,0.0,0.0,1,44,3.3333333333333335,622,0.05638082599927347,622,Orford,3,44,19
1.3333333333333333,1.0,0.33333333333333326,37.333333333333336,0.0033333333333333335,0.6666666666666666,4.666666666666667,1,44,3.3333333333333335,623,1.3590266287012087,623,Potts,3,44,19
5.0,6.0,-1.0,86.33333333333333,0.3333333333333333,5.666666666666667,19.666666666666668,1,76,3.3333333333333335,624,2.915736859538962,624,Bowen,4,76,19
0.0,0.0,0.0,0.0,0.0,0.0,0.0,1,56,3.3333333333333335,625,0.19160169760970608,625,Füllkrug,4,56,19
0.0,0.0,0.0,0.0,0.0,0.0,0.0,1,43,3.3333333333333335,626,0.05638082599927347,626,Marshall,4,43,19
0.0,0.0,0.0,0.0,0.0,0.0,0.0,0,44,3.0,627,0.050399930478815594,627,Johnstone,1,44,20
5.0,3.4,1.6,90.0,0.0,4.1000000000000005,22.333333333333332,0,42,3.0,628,2.904202178028648,628,José Sá,1,42,20
0.0,0.0,0.0,0.0,0.0,0.0,0.0,0,39,3.0,629,0.050399930478815594,629,Bentley,1,39,20
0.0,0.0,0.0,0.0,0.0,0.0,0.0,1,39,2.6666666666666665,630,0.05638082599927347,630,King,1,39,9
0.0,0.6,-0.6,0.0,0.0,0.0,0.0,0,42,3.0,631,0.17751225169887974,631,Agbadou,2,42,20
0.0,0.0,0.0,15.0,0.0,0.2333333333333333,-3.3333333333333335,0,44,3.0,632,1.0772339978091447,632,Doherty,2,44,20
3.0,2.4,0.6000000000000001,79.66666666666667,0.12000000000000004,4.633333333333334,12.666666666666666,0,43,3.0,633,1.4719573377463377,633,H.Bueno,2,43,20
3.3333333333333335,2.0,1.3333333333333335,90.0,0.07333333333333333,3.033333333333333,11.0,0,43,3.0,634,2.052951853336183,634,Mosquera,2,43,20
1.0,1.2,-0.19999999999999996,41.333333333333336,0.06,2.566666666666667,7.0,0,44,3.0,635,1.1762897190645707,635,R.Gomes,2,44,20
3.3333333333333335,2.6,0.7333333333333334,90.0,0.17666666666666664,3.3666666666666667,12.333333333333334,0,44,3.0,636,2.5926708786963135,636,S.Bueno,2,44,20
0.0,0.0,0.0,0.0,0.0,0.0,0.0,0,42,3.0,637,0.050399930478815594,637,Toti,2,42,20
0.0,0.0,0.0,0.0,0.0,0.0,0.0,0,38,3.0,638,0.050399930478815594,638,Hoever,2,38,20
0.0,0.0,0.0,0.0,0.0,0.0,0.0,0,40,3.0,639,0.050399930478815594,639,Meupiyou,2,40,20
0.3333333333333333,0.4,-0.06666666666666671,0.3333333333333333,0.0,0.0,1.0,0,40,3.0,640,0.35980592738681877,640,Pedro Lima,2,40,20
0.0,0.0,0.0,0.0,0.0,0.0,0.0,0,39,3.0,641,0.050399930478815594,641,Pond,2,39,20
0.3333333333333333,1.0,-0.6666666666666667,14.0,0.0,0.1333333333333326,1.6666666666666667,0,56,3.0,642,0.898519174368896,642,Hee Chan,3,56,20
0.6666666666666666,1.2,-0.5333333333333333,30.0,0.016666666666666666,0.2999999999999997,2.6666666666666665,0,52,3.0,643,1.259404890251651,643,André,3,52,20
0.6666666666666666,0.6,0.06666666666666665,35.333333333333336,0.03333333333333332,1.0999999999999999,2.3333333333333335,0,51,3.0,644,1.7163519198063333,644,Bellegarde,3,51,20
0.0,0.0,0.0,0.0,0.0,0.0,0.0,0,51,3.0,645,0.0991702710320841,645,Fer López,3,51,20
2.3333333333333335,2.6,-0.2666666666666666,60.0,0.03666666666666667,1.4000000000000006,10.333333333333334,0,53,3.0,646,2.010049402448688,646,J.Gomes,3,53,20
0.0,0.0,0.0,0.0,0.0,0.0,0.0,0,55,3.0,647,0.1526244887056289,647,Guedes,3,55,20
0.0,0.0,0.0,0.0,0.0,0.0,0.0,0,53,3.0,648,0.11291208445765315,648,Munetsi,3,53,20
0.0,0.0,0.0,0.0,0.0,0.0,0.0,0,50,3.0,649,0.0991702710320841,649,B.Traore,3,50,20
0.0,0.0,0.0,0.0,0.0,0.0,0.0,0,43,3.0,650,0.050399930478815594,650,Chirewa,3,43,20
2.0,1.2,0.8,2.0,0.05666666666666667,1.7333333333333334,7.333333333333333,0,43,3.0,651,1.1213025970846706,651,Edozie,3,43,20
0.0,0.0,0.0,0.0,0.0,0.0,0.0,0,43,3.0,652,0.050399930478815594,652,Gonzalez,3,43,20
0.0,0.0,0.0,0.0,0.0,0.0,0.0,0,45,3.0,653,0.050399930478815594,653,Hodge,3,45,20
5.0,3.4,1.6,66.66666666666667,0.32666666666666666,5.7,19.333333333333332,1,62,3.0,654,2.716313633249314,654,Strand Larsen,4,62,8
0.0,0.0,0.0,0.0,0.0,0.0,0.0,0,49,3.0,655,0.0950653233531214,655,Fábio Silva,4,49,20
0.0,0.0,0.0,0.0,0.0,0.0,0.0,0,49,3.0,656,0.0950653233531214,656,Kalajdžić,4,49,20
0.0,0.0,0.0,0.0,0.0,0.0,0.0,0,44,3.0,657,0.050399930478815594,657,Chiwome,4,44,20
0.0,0.0,0.0,0.0,0.0,0.0,0.0,0,42,3.0,658,0.050399930478815594,658,Fraser,4,42,20
0.6666666666666666,0.4,0.2666666666666666,0.6666666666666666,0.0,0.03333333333333304,0.3333333333333333,1,42,3.3333333333333335,659,0.35072128359379423,659,Walker-Peters,2,42,19
0.6666666666666666,2.0,-1.3333333333333335,26.666666666666668,0.023333333333333334,1.3,5.666666666666667,0,47,3.3333333333333335,660,2.120480708801338,660,Stach,3,47,11
5.666666666666667,4.0,1.666666666666667,86.66666666666667,0.7866666666666666,7.366666666666667,18.666666666666668,0,89,2.3333333333333335,661,2.3319333450652104,661,Ekitiké,4,89,12
1.3333333333333333,0.8,0.5333333333333332,30.0,0.0033333333333333335,1.0666666666666667,4.333333333333333,0,53,3.0,662,1.729445484824291,662,Mosquera,2,53,1
0.0,0.4,-0.4,0.0,0.0,0.0,0.0,0,49,3.0,663,0.21873336511742797,663,J.Arias,3,49,20
0.0,0.0,0.0,0.0,0.0,0.0,0.0,0,39,3.0,664,0.050399930478815594,664,Lecomte,1,39,10
0.0,0.0,0.0,0.0,0.0,0.0,0.0,0,45,3.3333333333333335,665,0.050399930478815594,665,Perri,1,45,11
5.0,4.6,0.40000000000000036,61.333333333333336,0.4466666666666667,5.166666666666667,21.0,0,88,3.0,666,2.3499477831158075,666,Gyökeres,4,88,1
0.0,0.0,0.0,0.0,0.0,0.0,0.0,1,42,2.6666666666666665,667,0.05638082599927347,667,Aznou,2,42,9
0.0,0.4,-0.4,0.0,0.0,0.0,0.0,1,51,2.6666666666666665,668,0.22436209030427973,668,Xhaka,3,51,17
1.0,0.8,0.19999999999999996,22.666666666666668,0.16666666666666666,3.266666666666667,4.666666666666667,1,55,3.6666666666666665,669,1.4935969164208698,669,Ndoye,3,55,16
3.0,2.4,0.6000000000000001,90.0,0.006666666666666665,1.5333333333333332,13.0,1,49,2.6666666666666665,670,3.386462686299296,670,Roefs,1,49,17
1.0,2.0,-1.0,30.333333333333332,0.13666666666666666,1.0999999999999999,1.6666666666666667,1,58,3.3333333333333335,671,1.418821292664384,671,Wilson,4,58,19
0.3333333333333333,0.6,-0.26666666666666666,32.0,0.08333333333333333,2.033333333333333,2.3333333333333335,1,46,3.3333333333333335,672,1.3802456286911402,672,Hato,2,46,7
2.0,1.2,0.8,71.33333333333333,0.06333333333333334,3.0666666666666664,10.0,1,55,3.3333333333333335,673,2.159581123380907,673,J.Palhinha,3,55,18
0.0,0.0,0.0,0.0,0.0,0.0,0.0,0,48,3.6666666666666665,674,0.09133032988208845,674,Ramsdale,1,48,15
0.3333333333333333,0.2,0.1333333333333333,15.0,0.0,0.03333333333333333,1.3333333333333333,1,40,3.6666666666666665,675,0.7662317160632351,675,Gunn,1,40,16
3.3333333333333335,3.2,0.1333333333333333,84.66666666666667,0.023333333333333334,2.9,13.666666666666666,0,50,3.3333333333333335,676,2.523400236600735,676,Ugochukwu,3,50,3
1.6666666666666667,1.4,0.26666666666666683,30.333333333333332,0.05666666666666667,1.5333333333333332,5.333333333333333,1,62,3.0,677,1.5519453287866378,677,Guessand,3,62,8
0.0,0.0,0.0,0.0,0.0,0.0,0.0,1,39,2.6666666666666665,678,0.05638082599927347,678,Masuaku,2,39,17
4.0,2.4,1.6,60.0,0.0,1.4666666666666668,14.333333333333334,1,42,3.3333333333333335,679,2.3019411248032133,679,Hermansen,1,42,19
0.6666666666666666,1.2,-0.5333333333333333,12.666666666666666,0.03999999999999998,0.46666666666666673,1.3333333333333333,0,52,3.3333333333333335,680,0.9920544737078805,680,Broja,4,52,3
5.0,3.2,1.7999999999999998,17.333333333333332,0.3033333333333333,4.933333333333333,19.333333333333332,0,72,3.3333333333333335,681,1.5757080716204876,681,Šeško,4,72,14
0.3333333333333333,0.4,-0.06666666666666671,10.0,0.0,0.16666666666666638,1.6666666666666667,0,42,3.0,682,0.7952641378914548,682,Møller Wolfe,2,42,20
3.0,2.2,0.7999999999999998,84.66666666666667,0.0033333333333333335,2.633333333333334,12.666666666666666,1,41,2.6666666666666665,683,2.5910607588495584,683,Alderete,2,41,17
4.0,4.4,-0.40000000000000036,90.0,0.33666666666666667,6.8,9.666666666666666,0,50,3.6666666666666665,684,2.7006757005505473,684,Thiaw,2,50,15
0.3333333333333333,0.4,-0.06666666666666671,0.3333333333333333,0.0,0.0,1.0,0,42,2.3333333333333335,685,0.35980592738681877,685,Diakité,2,42,4
0.0,0.4,-0.4,0.0,0.0,0.0,0.0,0,43,2.3333333333333335,686,0.1740679722431222,686,Ngumoha,3,43,12
0.0,0.0,0.0,0.0,0.0,0.0,0.0,0,43,2.3333333333333335,687,0.050399930478815594,687,Rees-Dottin,3,43,4
0.0,0.0,0.0,0.0,0.0,0.0,0.0,1,39,2.3333333333333335,688,0.05638082599927347,688,Wright,1,39,2
0.0,0.0,0.0,0.0,0.0,0.0,0.0,0,43,3.6666666666666665,689,0.050399930478815594,689,Seung soo,3,43,15
0.0,0.0,0.0,0.0,0.0,0.0,0.0,1,44,3.0,690,0.05638082599927347,690,Cardines,3,44,8
3.0,2.6,0.3999999999999999,58.0,0.11333333333333334,2.4333333333333322,11.0,0,58,3.3333333333333335,691,1.889119778574686,691,Calvert-Lewin,4,58,11
0.0,0.0,0.0,0.0,0.0,0.0,0.0,0,49,2.3333333333333335,692,0.0950653233531214,692,Leoni,2,49,12
2.3333333333333335,1.8,0.5333333333333334,42.0,0.18666666666666668,5.133333333333333,10.666666666666666,1,54,3.6666666666666665,693,2.0967272046722045,693,Hutchinson,3,54,16
4.0,4.4,-0.40000000000000036,90.0,0.25,4.333333333333333,16.666666666666668,1,46,2.6666666666666665,694,2.2655902989521945,694,Mukiele,2,46,17
0.3333333333333333,0.2,0.1333333333333333,33.0,0.006666666666666685,1.0666666666666662,-0.3333333333333333,0,44,3.0,695,1.3781131733631118,695,Tchatchoua,2,44,20
0.0,0.0,0.0,0.0,0.0,0.0,0.0,1,60,3.6666666666666665,696,0.17763991282333305,696,Kalimuendo,4,60,16
5.666666666666667,6.6,-0.9333333333333327,78.66666666666667,0.6900000000000001,7.866666666666667,21.0,0,54,2.3333333333333335,697,1.760261366184835,697,Adli,3,54,4
4.666666666666667,3.6,1.0666666666666669,53.666666666666664,0.48666666666666664,4.266666666666667,17.0,0,55,3.3333333333333335,698,2.1349013545494726,698,Okafor,3,55,11
2.3333333333333335,1.4,0.9333333333333336,83.0,0.16333333333333336,6.433333333333334,19.666666666666668,1,49,2.3333333333333335,699,3.0920322498775197,699,Douglas Luiz,3,49,2
0.0,0.0,0.0,0.0,0.0,0.0,0.0,0,42,3.0,700,0.050399930478815594,700,Dowman,3,42,1
0.0,0.0,0.0,0.0,0.0,0.0,0.0,1,40,2.3333333333333335,701,0.05638082599927347,701,Rowe,2,40,2
0.0,0.0,0.0,0.0,0.0,0.0,0.0,1,44,2.3333333333333335,702,0.05638082599927347,702,Burrowes,3,44,2
0.0,0.0,0.0,0.0,0.0,0.0,0.0,1,39,2.3333333333333335,703,0.05638082599927347,703,Proctor,1,39,2
0.0,0.0,0.0,0.0,0.0,0.0,0.0,1,45,2.6666666666666665,704,0.05638082599927347,704,Onyango,3,45,9
0.0,0.0,0.0,0.0,0.0,0.0,0.0,1,39,2.6666666666666665,705,0.05638082599927347,705,Campbell,2,39,9
2.3333333333333335,5.0,-2.6666666666666665,75.0,0.25,4.966666666666667,11.0,0,39,3.3333333333333335,706,1.7290243504570684,706,Justin,2,39,11
0.3333333333333333,0.4,-0.06666666666666671,3.3333333333333335,0.0,0.0,0.3333333333333333,1,53,2.6666666666666665,707,0.5811212641313265,707,Dibling,3,53,9
5.0,6.4,-1.4000000000000004,90.0,0.18999999999999997,4.266666666666667,23.666666666666668,1,55,3.3333333333333335,708,5.087916553843494,708,M.Fernandes,3,55,19
3.3333333333333335,2.2,1.1333333333333333,75.66666666666667,0.023333333333333334,1.6333333333333335,10.666666666666666,0,45,3.0,709,1.2356921573600421,709,Krejčí,2,45,20
0.0,0.0,0.0,0.0,0.0,0.0,0.0,1,39,2.3333333333333335,710,0.05638082599927347,710,Patterson,2,39,2
0.0,0.0,0.0,0.0,0.0,0.0,0.0,0,44,3.0,711,0.050399930478815594,711,Harriman-Annous,3,44,1
1.0,2.6,-1.6,54.333333333333336,0.07,3.3666666666666667,5.0,1,58,3.0,712,1.7789921708037726,712,Yeremy,3,58,8
2.3333333333333335,3.2,-0.8666666666666667,86.66666666666667,0.04666666666666669,3.6,14.333333333333334,0,45,2.3333333333333335,713,2.162346247505531,713,A.Jimenez,2,45,4
1.0,1.2,-0.19999999999999996,21.333333333333332,0.02666666666666667,0.7333333333333331,4.0,0,69,3.6666666666666665,714,2.2920229858602665,714,Woltemade,4,69,15
0.0,0.0,0.0,0.0,0.0,0.0,0.0,1,40,3.6666666666666665,715,0.05638082599927347,715,John,1,40,16
0.0,0.0,0.0,0.0,0.0,0.0,0.0,1,45,3.6666666666666665,716,0.05638082599927347,716,Savona,2,45,16
3.0,3.0,0.0,90.0,0.49,9.366666666666667,26.0,1,65,3.3333333333333335,717,3.100707146197815,717,Xavi,3,65,18
0.3333333333333333,0.2,0.1333333333333333,3.6666666666666665,0.006666666666666667,0.6,1.6666666666666667,1,50,3.3333333333333335,718,0.834536859574941,718,S.Magassa,3,50,19
0.3333333333333333,0.4,-0.06666666666666671,2.0,0.0,0.0,1.0,1,45,2.3333333333333335,719,0.4327763713586001,719,Lindelöf,2,45,2
4.0,3.0,1.0,82.66666666666667,0.23,4.6,14.333333333333334,0,54,3.0,720,2.3543221557574596,720,Tolu,4,54,20
0.0,0.2,-0.2,0.0,0.0,0.0,0.0,0,44,2.3333333333333335,721,0.16447666327385796,721,Milosavljević,2,44,4
1.0,2.8,-1.7999999999999998,36.666666666666664,0.01,0.9666666666666669,5.333333333333333,0,50,3.3333333333333335,722,1.155170115943293,722,Florentino,3,50,3
0.0,0.0,0.0,0.0,0.0,0.0,0.0,1,45,3.0,723,0.05638082599927347,723,Canvot,2,45,8
1.0,0.6,0.4,13.0,0.06333333333333334,1.4333333333333336,4.333333333333333,1,45,2.6666666666666665,724,1.4256136347581796,724,Geertruida,2,45,17
5.333333333333333,4.4,0.9333333333333327,64.33333333333333,0.21,6.066666666666666,19.666666666666668,0,51,3.0,725,1.843012844102755,725,Hincapie,2,51,1
1.3333333333333333,1.2,0.1333333333333333,32.333333333333336,0.06333333333333334,1.266666666666666,4.333333333333333,1,69,3.3333333333333335,726,2.6549656361553113,726,Kolo Muani,4,69,18
2.0,2.4,-0.3999999999999999,70.33333333333333,0.22666666666666666,4.133333333333334,8.333333333333334,0,53,3.0,727,2.4459786044637637,727,Chukwueze,3,53,10
0.0,0.6,-0.6,0.0,0.0,0.0,0.0,1,50,2.6666666666666665,728,0.23308791154110112,728,Röhl,3,50,9
0.0,0.0,0.0,0.0,0.0,0.0,0.0,1,45,3.6666666666666665,729,0.05638082599927347,729,Cuiabano,2,45,16
1.6666666666666667,4.2,-2.533333333333333,84.33333333333333,0.15333333333333332,2.9333333333333336,2.6666666666666665,1,55,2.6666666666666665,730,2.353724218506575,730,Brobbey,4,55,17
2.6666666666666665,2.0,0.6666666666666665,21.333333333333332,0.05666666666666665,2.766666666666667,8.333333333333334,0,58,3.0,731,1.517479041991166,731,Kevin,3,58,10
0.6666666666666666,0.6,0.06666666666666665,12.0,0.01,0.06666666666666667,0.6666666666666666,1,55,3.0,732,1.264433531712448,732,Uche,4,55,8
3.3333333333333335,3.6,-0.2666666666666666,90.0,0.0,1.7,13.666666666666666,0,50,3.3333333333333335,733,2.7785310729430956,733,Lammens,1,50,14
0.0,0.0,0.0,0.0,0.0,0.0,0.0,1,59,3.6666666666666665,734,0.17763991282333305,734,Bakwa,3,59,16
0.0,0.0,0.0,0.0,0.0,0.0,0.0,1,55,2.6666666666666665,735,0.19160169760970608,735,Traoré,3,55,17
4.0,4.4,-0.40000000000000036,90.0,0.0,2.433333333333333,17.0,1,56,2.6666666666666665,736,3.203304779778762,736,Donnarumma,1,56,13
0.0,0.0,0.0,0.0,0.0,0.0,0.0,0,45,3.0,737,0.050399930478815594,737,Kusi-Asare,4,45,10
0.0,0.0,0.0,0.0,0.0,0.0,0.0,1,45,3.3333333333333335,738,0.05638082599927347,738,Fabianski,1,45,19
0.0,0.2,-0.2,0.0,0.0,0.0,0.0,1,44,2.6666666666666665,739,0.16600044078174694,739,Mukasa,3,44,13
0.0,0.0,0.0,0.0,0.0,0.0,0.0,1,39,2.6666666666666665,740,0.05638082599927347,740,Mfuni,2,39,13
0.0,0.0,0.0,0.0,0.0,0.0,0.0,0,45,3.3333333333333335,741,0.050399930478815594,741,Gray,4,45,11
0.0,0.0,0.0,0.0,0.0,0.0,0.0,1,45,2.6666666666666665,742,0.05638082599927347,742,McAidoo,3,45,13
0.0,0.0,0.0,0.0,0.0,0.0,0.0,1,45,3.3333333333333335,743,0.05638082599927347,743,Emenalo,3,45,7
0.0,0.0,0.0,0.0,0.0,0.0,0.0,0,45,3.3333333333333335,744,0.050399930478815594,744,Oriola,3,45,6
0.3333333333333333,0.2,0.1333333333333333,0.3333333333333333,0.0,0.03333333333333333,1.0,1,40,3.3333333333333335,745,0.4451574061076579,745,Byfield,2,40,18
0.0,0.0,0.0,0.0,0.0,0.0,0.0,0,45,2.3333333333333335,746,0.050399930478815594,746,Morrison,3,45,12
0.0,0.0,0.0,0.0,0.0,0.0,0.0,1,40,3.3333333333333335,747,0.05638082599927347,747,Mayers,2,40,19
0.0,0.0,0.0,0.0,0.0,0.0,0.0,1,49,2.6666666666666665,748,0.10104621887357924,748,Dasilva,3,49,5
2.0,2.0,0.0,90.0,0.15,3.8000000000000003,10.0,0,46,3.0,749,3.146058678994054,749,Mané,4,46,20
0.0,0.0,0.0,0.0,0.0,0.0,0.0,1,40,3.3333333333333335,750,0.05638082599927347,750,Rowswell,2,40,18
0.0,0.0,0.0,0.0,0.0,0.0,0.0,1,45,3.3333333333333335,751,0.05638082599927347,751,Akhamrich,3,45,18
0.0,0.0,0.0,0.0,0.0,0.0,0.0,1,40,3.3333333333333335,752,0.05638082599927347,752,Golambeckis,2,40,19
0.0,0.0,0.0,0.0,0.0,0.0,0.0,0,40,3.6666666666666665,753,0.050399930478815594,753,Ruddy,1,40,15
0.0,0.2,-0.2,0.0,0.0,0.0,0.0,1,45,2.3333333333333335,754,0.16600044078174694,754,George Hemmings,3,45,2
0.0,0.0,0.0,0.0,0.0,0.0,0.0,0,45,3.3333333333333335,755,0.050399930478815594,755,Lacey,3,45,14
0.0,0.0,0.0,0.0,0.0,0.0,0.0,0,45,2.3333333333333335,756,0.050399930478815594,756,DaCosta,3,45,4
0.0,0.0,0.0,0.0,0.0,0.0,0.0,1,40,2.3333333333333335,757,0.05638082599927347,757,Hollingshead,1,40,2
0.0,0.0,0.0,0.0,0.0,0.0,0.0,1,45,3.3333333333333335,758,0.05638082599927347,758,Mohamadou Kanté,3,45,19
0.0,0.0,0.0,0.0,0.0,0.0,0.0,0,40,3.0,759,0.050399930478815594,759,Salmon,2,40,1
0.0,0.0,0.0,0.0,0.0,0.0,0.0,0,40,2.3333333333333335,760,0.050399930478815594,760,Lucky,2,40,12
0.0,0.0,0.0,0.0,0.0,0.0,0.0,0,40,3.3333333333333335,761,0.050399930478815594,761,Simmonds,2,40,6
0.0,0.0,0.0,0.0,0.0,0.0,0.0,1,45,3.0,762,0.05638082599927347,762,Drakes-Thomas,3,45,8
0.0,0.0,0.0,0.0,0.0,0.0,0.0,1,45,2.6666666666666665,763,0.05638082599927347,763,Gray,3,45,13
0.0,0.0,0.0,0.0,0.0,0.0,0.0,1,45,2.6666666666666665,764,0.05638082599927347,764,Heskey,3,45,13
0.0,0.0,0.0,0.0,0.0,0.0,0.0,0,40,3.6666666666666665,765,0.050399930478815594,765,Shahar,2,40,15
0.0,0.0,0.0,0.0,0.0,0.0,0.0,0,40,3.0,766,0.050399930478815594,766,Olagunju,2,40,20
0.0,0.0,0.0,0.0,0.0,0.0,0.0,0,45,3.0,767,0.050399930478815594,767,Rawlings,3,45,20
0.0,0.0,0.0,0.0,0.0,0.0,0.0,1,40,2.3333333333333335,768,0.05638082599927347,768,Leon Routh,2,40,2
0.0,0.0,0.0,0.0,0.0,0.0,0.0,0,45,3.3333333333333335,769,0.050399930478815594,769,Bendito Mantato,3,45,14
0.0,0.0,0.0,0.0,0.0,0.0,0.0,0,45,3.0,770,0.050399930478815594,770,Ridgeon,3,45,10
0.3333333333333333,0.2,0.1333333333333333,0.3333333333333333,0.0033333333333333335,0.03333333333333333,1.0,0,44,3.3333333333333335,771,0.43517865486688856,771,Fletcher,3,44,14
0.0,0.0,0.0,0.0,0.0,0.0,0.0,0,45,3.6666666666666665,772,0.050399930478815594,772,Alabi,3,45,15
0.0,0.0,0.0,0.0,0.0,0.0,0.0,1,40,3.0,773,0.05638082599927347,773,Benamar,2,40,8
0.0,0.0,0.0,0.0,0.0,0.0,0.0,1,40,2.6666666666666665,774,0.05638082599927347,774,Jenson Jones,2,40,17
0.0,0.0,0.0,0.0,0.0,0.0,0.0,1,45,2.6666666666666665,775,0.05638082599927347,775,Tutierov,3,45,17
0.0,0.0,0.0,0.0,0.0,0.0,0.0,0,45,3.3333333333333335,776,0.050399930478815594,776,Pimlott,3,45,3
0.0,0.0,0.0,0.0,0.0,0.0,0.0,0,45,3.0,777,0.050399930478815594,777,Ojinnaka,3,45,20
0.0,0.0,0.0,0.0,0.0,0.0,0.0,0,45,3.0,778,0.050399930478815594,778,Sutherland,3,45,20
0.0,0.0,0.0,0.0,0.0,0.0,0.0,1,45,2.6666666666666665,779,0.05638082599927347,779,Graham,4,45,9
0.0,0.0,0.0,0.0,0.0,0.0,0.0,1,45,3.0,780,0.05638082599927347,780,Casey,4,45,8
0.0,0.0,0.0,0.0,0.0,0.0,0.0,1,40,2.3333333333333335,781,0.05638082599927347,781,Carroll,2,40,2
0.0,0.0,0.0,0.0,0.0,0.0,0.0,0,40,2.3333333333333335,782,0.050399930478815594,782,Forster,1,40,4
5.333333333333333,4.2,1.1333333333333329,90.0,0.3233333333333333,7.133333333333333,23.333333333333332,0,55,3.3333333333333335,783,3.135438640881878,783,Groß,3,55,6
0.0,0.0,0.0,0.0,0.0,0.0,0.0,0,45,3.3333333333333335,784,0.050399930478815594,784,Brierley,3,45,3
1.0,1.4,-0.3999999999999999,25.333333333333332,0.013333333333333334,1.2333333333333334,5.333333333333333,1,55,3.3333333333333335,785,1.5567990679924706,785,Pablo,4,55,19
0.0,0.0,0.0,0.0,0.0,0.0,0.0,0,40,3.0,786,0.050399930478815594,786,McNally,1,40,10
0.0,0.0,0.0,0.0,0.0,0.0,0.0,0,44,3.3333333333333335,787,0.050399930478815594,787,Chambers,3,44,11
0.0,0.0,0.0,0.0,0.0,0.0,0.0,0,40,3.3333333333333335,788,0.050399930478815594,788,Kukonki,2,40,14
0.0,0.0,0.0,0.0,0.0,0.0,0.0,1,40,3.3333333333333335,789,0.05638082599927347,789,Merrick,1,40,7
0.0,0.0,0.0,0.0,0.0,0.0,0.0,1,45,3.3333333333333335,790,0.05638082599927347,790,Williams-Barnett,3,45,18
3.3333333333333335,3.0,0.3333333333333335,73.66666666666667,0.21,4.0,14.333333333333334,1,55,3.3333333333333335,791,3.19507094226873,791,Taty,4,55,19
0.3333333333333333,0.2,0.1333333333333333,5.333333333333333,0.0033333333333333335,0.16666666666666666,1.3333333333333333,1,50,2.3333333333333335,792,0.6951524123726396,792,Alysson,3,50,2
0.0,0.0,0.0,0.0,0.0,0.0,0.0,1,40,3.0,793,0.05638082599927347,793,King,2,40,8
0.0,0.2,-0.2,0.0,0.0,0.0,0.0,1,41,2.6666666666666665,794,0.16600044078174694,794,Alleyne,2,41,13
1.0,0.6,0.4,26.333333333333332,0.01,0.4666666666666666,3.0,0,45,3.3333333333333335,795,1.3265075823746604,795,Howell,3,45,6
3.6666666666666665,3.0,0.6666666666666665,79.33333333333333,0.15666666666666665,4.8999999999999995,15.666666666666666,1,54,3.3333333333333335,796,2.9472382813129925,796,Gallagher,3,54,18
0.0,0.0,0.0,0.0,0.0,0.0,0.0,1,45,2.6666666666666665,797,0.05638082599927347,797,Furo,4,45,5
0.0,0.0,0.0,0.0,0.0,0.0,0.0,1,40,3.0,798,0.05638082599927347,798,Imray,2,40,8
0.0,0.0,0.0,0.0,0.0,0.0,0.0,0,45,2.3333333333333335,799,0.050399930478815594,799,Stevens,3,45,4
0.0,0.0,0.0,0.0,0.0,0.0,0.0,1,50,2.6666666666666665,800,0.10515116655254195,800,Jocelin.T,3,50,17
0.6666666666666666,0.75,-0.08333333333333337,20.333333333333332,0.04666666666666667,1.2333333333333334,2.3333333333333335,0,50,2.3333333333333335,801,1.182661992370411,801,Tóth.A,3,50,4
0.0,0.0,0.0,0.0,0.0,0.0,0.0,1,50,3.3333333333333335,802,0.10515116655254195,802,Lamadrid,3,50,19
0.0,0.0,0.0,0.0,0.0,0.0,0.0,1,40,3.3333333333333335,803,0.05638082599927347,803,Sharman-Lowe,1,40,7
0.3333333333333333,0.3333333333333333,0.0,11.666666666666666,0.0,0.5333333333333333,0.3333333333333333,1,40,3.3333333333333335,804,0.8439615106310323,804,Souza,2,40,18
2.3333333333333335,2.3333333333333335,0.0,35.333333333333336,0.24000000000000002,1.9666666666666668,9.666666666666666,1,55,3.6666666666666665,805,1.423224246770779,805,Lucca,4,55,16
0.0,0.0,0.0,0.0,0.0,0.0,0.0,0,40,2.3333333333333335,806,0.050399930478815594,806,Mandas,1,40,4
6.333333333333333,6.333333333333333,0.0,66.0,0.4066666666666667,7.433333333333334,22.0,0,55,2.3333333333333335,807,1.8727080284148563,807,Rayan,3,55,4
1.3333333333333333,1.3333333333333333,0.0,36.333333333333336,0.24,2.1999999999999997,4.0,1,60,2.3333333333333335,808,1.5717326522711657,808,Abraham,4,60,2
0.0,0.0,0.0,0.0,0.0,0.0,0.0,0,45,3.0,809,0.050399930478815594,809,Abbey,3,45,20
0.0,0.0,0.0,0.0,0.0,0.0,0.0,1,45,2.6666666666666665,810,0.05638082599927347,810,Bentt,3,45,5
0.0,0.0,0.0,0.0,0.0,0.0,0.0,1,45,3.3333333333333335,811,0.05638082599927347,811,Kyerematen,3,45,18
0.0,0.0,0.0,0.0,0.0,0.0,0.0,1,40,2.6666666666666665,812,0.05638082599927347,812,Ellborg,1,40,17
1.5,1.5,0.0,42.0,0.125,4.35,6.5,1,50,2.6666666666666665,813,1.6340074255768477,813,Angulo,3,50,17
0.5,0.5,0.0,7.0,0.18,0.2,1.5,1,45,3.6666666666666665,814,0.8412998308684835,814,Netz,2,45,16
4.0,4.0,0.0,90.0,0.01,2.55,20.0,1,45,3.3333333333333335,815,2.493556403173295,815,Disasi,2,45,19
2.0,2.0,0.0,58.666666666666664,0.04,2.6666666666666665,14.0,0,50,3.0,816,2.034736576603264,816,Angel,3,50,20
2.6666666666666665,2.6666666666666665,0.0,90.0,0.13333333333333333,2.3666666666666667,8.666666666666666,0,55,3.0,817,3.34071817574199,817,Armstrong,4,55,20
